streak_days,episodes_last_7,episodes_prev_7,avg_mood_before,night_activity_ratio,trigger_count,financial_escalation,unlock_attempts_7,blocked_sites_7,total_episodes_30,days_until_relapse,relapse_soon
33,0,0,2.61,0.019,1,0,1,1,1,58,0
2,2,1,1.13,0.683,3,0,2,4,9,31,0
27,0,0,2.28,0.175,6,0,2,3,9,46,0
2,0,0,3.82,0.62,1,0,0,1,3,41,0
17,1,0,3.34,0.0,0,0,0,1,3,43,0
47,0,0,2.51,0.593,4,0,0,1,5,59,0
13,3,0,1.41,0.365,0,1,2,2,15,34,0
90,0,0,2.24,0.575,3,0,0,0,0,58,0
37,2,0,2.87,0.307,1,0,1,1,7,60,0
25,7,1,3.6,0.875,2,0,3,3,8,33,0
60,0,0,2.0,0.041,1,0,0,0,2,60,0
1,5,0,1.78,0.413,3,1,5,5,5,15,1
9,0,1,2.45,0.007,0,0,2,3,6,46,0
82,0,0,4.33,0.034,2,0,0,1,4,69,0
28,6,3,3.06,0.108,0,1,0,0,9,47,0
17,3,0,3.82,0.888,2,1,1,2,3,40,0
0,4,1,2.63,0.273,1,1,2,3,13,29,0
16,0,0,2.62,0.107,1,0,0,1,6,46,0
35,0,0,2.32,0.579,0,0,3,4,7,52,0
2,0,0,3.14,0.043,0,0,0,4,0,43,0
38,0,1,2.55,0.755,0,0,0,1,1,56,0
6,2,7,2.5,0.469,2,0,0,0,15,32,0
77,1,2,1.89,0.369,0,0,3,3,8,53,0
27,2,0,1.97,0.001,2,0,7,7,6,44,0
67,0,0,3.8,0.944,1,0,2,3,4,57,0
1,3,5,3.25,0.436,1,0,8,11,20,37,0
35,2,0,1.71,0.141,0,0,0,1,5,49,0
8,0,0,2.11,0.0,0,0,0,2,0,43,0
25,1,0,2.43,0.176,1,0,0,0,1,45,0
47,0,5,2.3,0.042,2,0,1,2,8,61,0
0,0,1,1.58,0.076,4,0,8,8,1,30,0
4,0,0,2.18,0.132,2,0,5,10,6,35,0
3,0,0,1.8,0.734,3,0,9,10,8,30,0
90,1,1,2.09,0.012,1,0,1,1,2,56,0
24,2,0,3.54,0.457,6,1,2,10,3,38,0
11,2,4,3.27,0.631,2,0,0,9,11,39,0
6,2,0,2.16,0.2,0,0,0,5,2,34,0
24,0,0,2.54,0.308,2,0,1,1,1,49,0
0,1,0,1.49,0.551,1,0,1,3,3,37,0
5,0,1,3.56,0.863,5,0,11,13,2,35,0
5,0,1,2.78,0.209,0,0,1,1,7,45,0
17,1,1,1.68,0.13,2,0,2,11,3,53,0
12,1,4,2.03,0.254,3,0,3,5,13,43,0
75,0,0,2.23,0.19,0,0,0,6,6,67,0
13,1,2,1.79,0.848,0,0,6,7,3,38,0
2,0,0,2.87,0.003,4,0,0,2,2,47,0
33,1,1,3.67,0.171,2,0,0,2,5,53,0
22,0,0,2.43,0.651,0,0,0,0,2,50,0
24,1,0,2.81,0.005,1,0,4,4,1,46,0
27,1,1,1.18,0.86,6,0,5,7,7,35,0
21,2,0,3.28,0.009,2,0,2,2,10,51,0
1,1,0,3.32,0.673,0,0,1,4,7,32,0
11,0,6,1.24,0.834,0,0,2,2,10,35,0
5,1,1,1.16,0.277,2,0,5,5,4,38,0
90,0,0,2.15,0.585,2,0,0,1,3,55,0
2,0,0,2.24,0.309,0,0,0,1,4,45,0
3,0,4,1.0,0.382,6,0,4,4,10,37,0
23,1,0,2.6,0.465,2,0,5,9,1,46,0
2,1,2,1.83,0.172,0,0,1,1,6,37,0
69,2,1,3.54,0.414,6,0,1,2,8,53,0
14,0,0,2.16,0.19,1,0,0,0,2,53,0
90,0,0,2.55,0.002,0,0,0,1,0,60,0
6,0,1,1.51,0.811,1,0,4,7,8,36,0
3,0,4,1.77,0.076,0,0,0,1,8,54,0
6,1,0,2.44,0.0,1,0,1,1,1,43,0
90,0,0,2.87,0.014,0,0,0,2,7,67,0
29,0,1,2.87,0.191,1,0,0,0,2,59,0
4,0,0,1.5,0.172,2,0,13,14,3,41,0
39,1,0,3.39,0.617,1,0,0,0,1,50,0
12,3,1,2.43,0.07,1,0,12,12,7,34,0
5,1,1,1.28,0.08,1,0,2,2,4,39,0
33,0,0,1.56,0.063,2,0,1,6,0,48,0
11,1,3,1.26,0.046,5,0,0,7,7,38,0
13,0,3,2.43,0.017,0,0,2,2,11,45,0
18,7,0,1.34,0.016,4,0,2,4,8,27,0
12,0,0,2.74,0.148,2,0,2,5,3,46,0
64,0,0,2.04,0.631,0,0,3,4,1,51,0
13,0,0,2.27,0.287,1,0,1,1,1,45,0
0,1,3,1.38,0.423,0,0,0,0,13,33,0
38,7,0,1.6,0.331,5,1,3,10,7,30,0
2,3,4,1.31,0.549,5,0,0,5,13,31,0
9,2,0,1.9,0.022,1,1,0,4,2,41,0
28,2,0,2.81,0.097,1,0,5,5,5,51,0
8,0,0,3.83,0.136,1,0,2,4,4,51,0
25,2,0,2.48,0.744,0,0,5,5,4,38,0
29,0,4,1.92,0.419,6,0,0,9,4,47,0
26,3,4,1.02,0.601,3,0,0,0,9,39,0
47,0,1,2.86,0.002,1,0,2,4,1,63,0
12,2,1,1.0,0.078,0,1,5,5,7,32,0
30,1,1,2.76,0.022,0,0,1,4,4,51,0
0,7,0,2.27,0.339,6,1,7,11,11,12,1
49,1,0,2.18,0.0,2,0,4,4,2,58,0
60,0,0,1.9,0.001,0,0,1,1,0,57,0
4,1,3,2.3,0.778,6,0,10,11,6,31,0
5,1,5,1.77,0.451,2,0,0,0,15,40,0
15,0,1,2.38,0.0,0,0,3,4,3,44,0
0,1,4,2.79,0.506,0,0,8,9,7,32,0
16,0,2,4.09,0.484,0,0,1,2,6,48,0
15,0,0,2.28,0.204,0,0,0,0,3,46,0
53,0,1,2.69,0.546,1,0,2,11,5,62,0
23,0,2,1.0,0.929,0,0,1,5,11,46,0
27,0,2,3.0,0.34,2,0,1,8,7,53,0
0,2,1,2.74,0.021,0,1,4,6,6,34,0
44,1,0,2.22,0.124,1,1,1,1,9,49,0
24,0,0,2.98,0.066,0,0,0,5,3,52,0
83,0,0,2.65,0.045,0,0,0,3,0,63,0
16,2,0,2.13,0.514,2,1,2,4,9,36,0
31,3,0,2.33,0.593,2,1,2,8,4,40,0
30,1,0,2.03,0.001,0,0,0,0,2,51,0
31,0,3,2.09,0.299,6,0,0,1,7,55,0
10,0,1,2.67,0.043,1,0,0,3,2,43,0
4,1,0,1.39,0.483,3,0,1,1,2,37,0
47,0,0,3.03,0.0,1,0,1,3,4,56,0
15,1,1,1.75,0.457,0,0,6,9,4,44,0
13,0,4,2.3,0.51,1,0,0,2,5,44,0
34,0,1,2.48,0.024,2,0,0,6,4,49,0
14,0,0,2.6,0.149,5,0,0,6,4,46,0
9,1,0,2.64,0.427,1,0,2,3,2,46,0
0,0,4,2.49,0.352,1,0,2,6,13,42,0
10,0,0,2.49,0.23,6,0,1,1,5,44,0
0,0,1,3.32,0.429,5,0,0,0,4,41,0
30,0,1,2.11,0.635,1,0,3,3,10,51,0
3,0,0,2.24,0.0,0,0,0,1,0,40,0
50,0,0,4.1,0.023,0,0,0,2,1,61,0
11,0,1,2.71,0.345,0,0,0,3,1,46,0
36,0,0,2.89,0.016,0,0,0,0,2,57,0
1,3,1,1.83,0.864,2,0,0,3,11,39,0
42,0,0,2.83,0.054,1,0,1,1,5,57,0
90,2,2,2.37,0.284,6,0,3,3,5,57,0
54,0,0,3.29,0.524,4,0,3,5,2,59,0
33,0,0,3.39,0.096,1,0,0,2,0,65,0
18,2,0,4.56,0.222,0,1,4,12,8,49,0
90,0,3,2.3,0.108,1,0,2,3,5,64,0
4,0,0,2.2,0.597,0,0,0,4,0,40,0
5,1,0,1.77,0.958,2,0,20,27,8,33,0
43,1,0,2.47,0.33,1,0,0,8,4,54,0
90,6,0,2.98,0.548,4,0,6,12,13,36,0
57,5,2,1.0,0.354,0,0,0,2,17,45,0
19,3,0,2.59,0.538,4,0,0,0,3,43,0
19,0,0,2.72,0.766,0,0,0,6,4,48,0
17,0,0,2.98,0.826,0,0,2,4,1,45,0
2,0,0,2.7,0.386,0,0,6,6,1,41,0
20,0,1,2.38,0.037,6,0,2,3,7,50,0
4,2,3,1.34,0.475,1,0,20,21,11,28,0
5,0,0,2.12,0.068,3,0,1,2,0,45,0
18,2,0,2.47,0.017,3,0,6,6,6,39,0
0,0,1,2.66,0.461,2,0,1,5,5,41,0
5,1,1,2.85,0.404,1,0,0,3,2,42,0
38,5,2,2.08,0.188,5,0,3,3,8,43,0
1,4,6,1.62,0.404,2,0,2,2,13,31,0
19,0,0,4.8,0.072,3,0,0,3,4,51,0
31,1,2,2.48,0.295,6,0,2,3,9,42,0
14,0,0,2.03,0.1,0,0,2,3,5,50,0
13,4,1,2.57,0.521,0,0,1,3,11,41,0
8,7,0,1.34,0.44,2,1,0,3,9,23,0
0,1,0,1.68,0.147,0,1,4,4,7,31,0
21,0,1,2.13,0.282,0,0,2,2,1,50,0
53,1,0,2.78,0.07,3,0,0,0,1,59,0
81,0,0,2.4,0.272,0,0,2,4,6,60,0
38,0,2,1.42,0.483,4,0,2,2,2,52,0
90,0,0,2.92,0.184,0,0,0,0,2,59,0
90,1,2,3.72,0.469,6,0,0,0,3,54,0
88,0,0,3.4,0.495,1,0,0,1,2,62,0
21,0,0,1.95,0.391,4,0,0,1,0,45,0
71,1,0,1.66,0.324,2,0,1,2,3,50,0
2,1,0,2.89,0.019,3,0,0,7,6,39,0
28,2,2,1.96,0.268,1,0,3,10,4,41,0
19,1,0,1.85,0.326,3,1,0,0,7,36,0
6,6,4,1.56,0.692,6,1,12,19,14,14,1
6,0,0,2.39,0.21,3,0,0,0,0,41,0
18,0,0,2.59,0.13,1,0,1,2,0,47,0
19,1,0,2.56,0.4,2,0,5,12,9,43,0
40,3,3,1.91,0.01,6,0,0,6,10,50,0
36,0,0,2.67,0.006,0,0,0,1,0,58,0
25,0,0,2.77,0.684,0,0,0,2,0,46,0
1,0,0,1.49,0.241,0,0,0,1,3,40,0
25,0,4,2.19,0.182,6,0,2,3,10,47,0
83,0,1,3.4,0.036,1,0,0,0,1,65,0
78,0,0,2.32,0.055,2,0,0,0,0,58,0
15,3,7,2.21,0.071,0,0,1,2,10,45,0
25,0,5,1.53,0.153,1,0,0,0,5,53,0
12,4,4,1.75,0.579,1,0,4,7,10,32,0
58,0,0,2.27,0.103,2,0,1,2,0,60,0
90,0,0,2.99,0.535,1,0,0,0,3,61,0
16,0,0,2.37,0.262,0,0,1,2,3,46,0
10,0,0,3.41,0.324,0,0,0,1,1,54,0
23,0,2,2.25,0.096,1,0,0,0,10,49,0
29,4,0,2.64,0.242,1,1,3,5,10,36,0
26,1,2,2.2,0.948,0,0,0,0,4,51,0
5,1,1,2.66,0.897,1,0,0,0,6,39,0
80,0,1,3.19,0.552,5,0,1,1,1,55,0
15,0,0,2.47,0.579,0,0,0,0,0,38,0
3,0,0,1.5,0.056,6,0,1,6,0,36,0
44,0,0,3.58,0.009,1,0,2,3,5,63,0
4,1,1,1.43,0.458,0,0,0,1,6,36,0
15,0,1,2.5,0.333,0,0,0,0,3,52,0
10,2,0,1.71,0.592,1,0,1,1,2,35,0
4,0,4,1.13,0.347,1,0,5,5,13,42,0
51,0,0,2.52,0.056,1,0,0,0,6,61,0
3,0,1,2.76,0.025,4,0,0,0,2,48,0
18,7,1,2.17,0.889,2,0,2,3,15,28,0
36,0,1,2.77,0.404,4,0,3,4,5,52,0
6,0,4,1.29,0.149,4,0,1,3,12,41,0
15,0,0,2.73,0.053,2,0,0,0,0,49,0
90,1,0,2.33,0.202,2,1,0,2,2,44,0
10,0,0,2.0,0.611,2,0,1,1,3,43,0
75,0,0,5.0,0.135,1,0,0,0,0,68,0
6,1,2,3.22,0.617,4,0,1,4,11,37,0
17,0,0,4.18,0.202,1,0,0,1,1,49,0
17,0,3,2.11,0.318,4,0,2,3,5,42,0
2,0,4,2.94,0.762,5,0,1,1,10,40,0
26,0,0,2.53,0.06,0,0,0,4,1,56,0
22,7,0,1.41,0.171,6,0,2,12,14,31,0
6,0,6,1.77,0.19,1,0,3,3,11,39,0
6,1,0,3.47,0.061,0,0,0,3,1,41,0
6,1,0,1.88,0.958,2,1,4,5,8,32,0
50,2,4,2.36,0.255,3,0,4,4,11,57,0
19,1,0,3.05,0.835,0,1,4,7,6,39,0
15,1,3,1.82,0.327,5,0,0,1,15,41,0
90,0,0,2.9,0.571,5,0,0,0,3,53,0
24,0,0,3.08,0.183,1,0,2,3,3,57,0
5,0,2,3.26,0.66,6,0,9,9,5,34,0
25,0,4,3.27,0.06,1,0,0,4,4,52,0
51,1,1,3.05,0.194,0,0,1,1,2,56,0
67,0,0,2.59,0.04,2,0,0,5,1,68,0
24,0,0,1.74,0.302,4,0,0,10,0,47,0
20,0,4,1.47,0.367,5,0,2,4,9,48,0
21,0,0,3.51,0.008,1,0,0,3,0,54,0
62,1,0,2.54,0.081,0,1,0,1,1,56,0
34,0,0,3.41,0.102,0,0,0,2,5,61,0
34,3,2,1.76,0.527,6,1,1,1,6,38,0
9,0,1,2.21,0.192,6,0,1,3,12,38,0
67,1,1,1.97,0.027,0,0,0,1,2,64,0
10,3,1,2.05,0.505,0,0,1,3,8,37,0
16,0,0,3.35,0.117,3,0,0,2,0,48,0
44,1,1,3.02,0.141,1,0,0,0,5,60,0
60,2,2,3.05,0.004,6,0,3,4,5,55,0
3,5,7,1.71,0.957,0,0,3,5,17,30,0
24,0,0,2.48,0.552,0,0,0,2,3,50,0
83,0,0,2.52,0.078,2,0,0,1,0,67,0
43,4,4,1.47,0.534,2,0,7,7,12,40,0
9,1,3,2.16,0.822,5,0,1,3,9,32,0
38,2,0,2.77,0.276,1,0,1,2,2,47,0
4,3,1,2.93,0.006,2,1,0,0,4,35,0
29,4,0,3.13,0.072,1,0,0,2,6,50,0
6,1,2,2.26,0.888,6,0,8,8,13,29,0
19,0,0,3.18,0.058,0,0,0,0,0,49,0
0,1,1,2.14,0.207,6,0,3,4,10,38,0
10,0,0,2.23,0.101,0,0,1,4,4,46,0
15,0,3,1.69,0.747,1,0,9,9,11,38,0
17,3,4,2.14,0.169,2,0,0,2,11,40,0
10,0,0,3.41,0.32,1,0,1,7,1,46,0
5,3,2,2.42,0.374,5,1,0,0,11,29,0
17,0,0,3.76,0.616,4,0,0,5,0,51,0
50,7,0,1.41,0.868,0,0,0,2,12,46,0
42,2,0,1.9,0.375,4,0,2,2,10,48,0
67,1,2,3.26,0.056,2,0,4,5,6,57,0
4,2,2,1.99,0.828,0,0,0,3,7,32,0
26,3,1,2.12,0.655,2,1,3,6,9,40,0
0,2,4,3.21,0.56,3,0,2,3,11,35,0
90,0,0,2.02,0.037,0,0,0,1,0,54,0
0,3,0,1.41,0.173,1,0,3,3,8,27,0
72,0,0,2.45,0.045,0,0,1,6,0,64,0
21,0,0,3.75,0.705,3,0,0,0,0,50,0
76,1,0,3.58,0.231,1,0,1,2,7,65,0
10,7,2,1.76,0.067,5,1,3,4,16,18,1
59,0,0,3.2,0.033,0,0,1,3,4,65,0
12,7,4,1.55,0.146,1,1,3,3,16,24,0
15,0,0,2.43,0.077,0,0,0,1,3,52,0
0,0,7,1.36,0.082,4,0,1,7,12,38,0
57,3,1,2.12,0.23,3,0,0,0,7,53,0
14,0,0,1.65,0.621,0,0,1,1,3,43,0
2,0,1,3.01,0.06,0,0,2,3,6,42,0
4,0,0,2.65,0.001,0,0,1,1,4,46,0
8,7,7,1.81,0.676,1,0,14,18,20,27,0
8,3,0,3.38,0.439,3,0,0,6,4,38,0
54,0,0,2.27,0.59,1,0,0,0,2,56,0
10,0,7,2.59,0.025,6,0,3,4,10,41,0
24,1,1,2.49,0.748,3,0,9,12,6,38,0
1,0,2,1.78,0.316,6,0,4,7,4,34,0
1,2,1,1.17,0.441,0,0,5,5,12,36,0
51,3,6,1.0,0.572,6,0,11,11,15,44,0
32,0,0,2.94,0.88,3,0,1,2,1,42,0
55,0,0,2.65,0.008,0,0,0,0,0,67,0
51,0,3,1.54,0.241,0,0,0,1,5,57,0
2,4,7,1.58,0.756,3,0,5,6,16,26,0
90,0,3,1.96,0.007,2,0,0,2,7,57,0
90,0,0,2.26,0.632,3,0,0,2,0,56,0
4,2,5,1.15,0.883,1,0,2,4,13,31,0
15,0,6,2.57,0.195,1,0,2,3,12,46,0
20,1,1,2.96,0.74,0,0,5,5,2,42,0
4,1,2,1.16,0.136,5,0,0,0,7,31,0
5,1,1,1.74,0.497,0,0,1,1,2,39,0
53,0,0,3.05,0.025,0,0,0,0,1,64,0
29,0,0,3.57,0.474,1,0,0,5,3,54,0
2,0,0,2.57,0.272,1,0,0,1,1,45,0
31,1,3,3.86,0.036,5,0,1,4,4,54,0
71,3,3,1.99,0.198,5,0,1,5,8,47,0
7,0,0,3.52,0.293,1,0,0,1,0,48,0
24,0,7,2.92,0.526,0,0,3,6,11,47,0
2,1,0,1.71,0.488,0,0,0,0,1,32,0
33,0,0,3.54,0.15,1,0,5,5,0,51,0
21,2,0,2.74,0.097,3,0,0,0,5,50,0
37,0,0,3.87,0.275,4,0,0,0,0,58,0
5,0,0,2.85,0.673,1,0,0,0,3,43,0
0,0,0,3.11,0.031,0,0,0,4,1,47,0
22,0,2,1.84,0.001,2,0,6,9,2,47,0
8,0,7,1.8,0.91,1,0,0,0,15,38,0
25,3,3,2.71,0.596,5,0,2,3,13,44,0
14,0,0,2.66,0.122,1,0,1,2,1,52,0
90,0,0,3.49,0.001,0,0,0,1,2,66,0
4,0,0,2.29,0.493,2,0,1,5,4,43,0
30,0,1,2.15,0.383,0,0,0,0,5,60,0
17,1,0,3.33,0.325,1,0,0,3,1,47,0
10,1,1,2.26,0.184,4,0,1,3,8,38,0
2,0,0,2.46,0.098,4,0,0,1,4,38,0
13,0,0,3.41,0.02,0,0,0,0,0,42,0
3,0,2,2.64,0.102,1,0,0,4,5,46,0
21,3,0,3.12,0.821,5,0,0,0,8,36,0
11,1,5,1.43,0.787,5,0,1,3,14,40,0
5,1,0,3.1,0.0,0,1,1,3,2,36,0
25,0,0,3.54,0.048,3,0,0,1,1,59,0
36,0,0,1.68,0.827,2,0,4,4,8,53,0
0,0,1,2.8,0.09,0,0,2,3,8,42,0
9,2,1,2.3,0.115,0,1,6,7,9,31,0
37,1,3,2.77,0.778,0,0,2,5,8,53,0
48,0,7,2.13,0.355,5,0,5,5,13,54,0
3,0,0,3.0,0.129,0,0,1,3,0,46,0
21,1,0,2.35,0.168,0,0,0,1,2,51,0
4,0,0,2.01,0.002,0,0,0,0,0,46,0
32,0,1,2.57,0.006,0,0,0,3,3,59,0
19,0,1,2.43,0.568,1,0,11,13,5,46,0
0,1,0,1.25,0.192,0,0,0,5,6,34,0
90,1,0,2.4,0.014,1,0,4,4,1,54,0
27,1,0,2.28,0.0,2,0,1,4,1,50,0
44,0,0,2.36,0.0,0,0,0,1,0,67,0
57,0,1,1.49,0.221,1,0,1,2,6,59,0
27,0,2,3.87,0.394,0,0,1,3,3,54,0
25,1,1,2.6,0.555,6,0,1,1,6,45,0
5,2,0,1.78,0.093,1,0,9,11,2,30,0
17,7,2,1.45,0.098,2,1,7,7,19,21,1
20,0,0,2.51,0.087,0,0,0,0,0,49,0
90,0,0,3.91,0.095,0,0,0,1,0,61,0
1,4,2,3.04,0.842,6,0,1,1,6,31,0
1,0,1,2.96,0.897,0,0,0,2,3,40,0
44,0,0,3.02,0.325,2,0,0,5,0,62,0
4,0,0,3.67,0.071,6,0,0,0,0,43,0
4,4,5,1.0,0.127,0,0,2,4,10,30,0
15,0,0,3.12,0.031,1,0,1,5,1,43,0
15,1,1,1.83,0.331,1,0,1,1,6,48,0
2,0,0,3.23,0.036,1,0,0,2,1,58,0
3,1,2,2.51,0.443,5,0,2,3,9,31,0
10,0,1,1.8,0.125,1,0,1,3,2,39,0
0,0,3,1.6,0.479,0,0,2,3,10,39,0
12,0,0,2.53,0.193,6,0,2,2,4,46,0
16,3,6,2.26,0.885,5,0,2,6,16,32,0
5,0,2,2.35,0.557,6,0,0,4,4,38,0
61,0,6,2.7,0.001,1,0,0,1,6,62,0
90,0,5,1.59,0.29,6,0,0,3,14,56,0
8,1,0,3.11,0.006,3,0,1,3,5,42,0
7,1,0,1.0,0.38,6,0,9,9,11,32,0
66,0,0,2.71,0.078,0,0,0,0,2,57,0
44,1,6,2.6,0.526,3,0,1,3,9,57,0
14,0,0,1.55,0.041,0,0,0,0,3,49,0
54,0,0,1.02,0.735,0,0,0,1,0,58,0
34,0,1,2.81,0.001,0,0,0,1,5,51,0
65,0,0,1.85,0.181,0,0,0,1,2,54,0
4,7,3,1.82,0.232,3,1,0,1,16,26,0
1,0,0,2.39,0.04,0,0,0,4,0,43,0
2,1,2,2.77,0.046,1,0,5,8,10,40,0
39,1,3,2.2,0.781,1,0,6,8,10,51,0
7,0,0,3.16,0.013,0,0,3,4,2,44,0
21,0,0,3.22,0.07,0,0,0,0,2,59,0
23,0,0,1.35,0.036,6,0,0,5,0,44,0
11,1,0,1.71,0.025,0,0,0,8,1,51,0
42,0,0,2.36,0.004,0,0,0,1,3,57,0
56,0,0,2.44,0.021,1,0,1,1,0,67,0
7,0,4,1.05,0.209,1,0,2,3,10,35,0
7,0,0,3.38,0.807,5,0,10,10,0,31,0
20,2,6,2.25,0.566,0,0,3,6,11,38,0
4,1,2,1.0,0.038,0,0,5,5,12,33,0
6,7,2,1.33,0.514,1,1,5,6,16,13,1
22,0,4,1.91,0.971,4,0,3,9,9,38,0
1,0,0,3.68,0.029,0,0,0,2,0,47,0
14,2,1,1.89,0.028,5,1,2,3,6,35,0
50,0,0,2.29,0.036,0,0,6,7,0,60,0
11,0,4,2.18,0.092,3,0,4,5,8,43,0
29,4,0,2.64,0.185,3,0,2,2,4,48,0
62,3,0,2.23,0.276,1,1,8,8,9,47,0
41,1,0,2.72,0.359,0,0,0,0,2,48,0
23,0,0,1.85,0.005,2,0,0,8,5,52,0
33,0,0,2.99,0.883,1,0,0,4,3,51,0
11,0,1,3.4,0.23,4,0,5,6,1,40,0
1,0,0,3.32,0.435,0,0,0,0,1,49,0
60,1,1,1.56,0.497,2,0,0,1,6,55,0
30,0,1,2.75,0.029,0,0,3,3,3,55,0
19,1,3,2.16,0.503,0,0,3,3,5,49,0
40,0,1,2.45,0.22,3,0,2,3,7,65,0
1,1,2,2.31,0.199,1,0,2,3,8,37,0
34,0,1,2.63,0.151,0,0,0,0,7,57,0
37,0,4,3.18,0.115,6,0,0,1,10,53,0
5,3,1,2.36,0.097,2,1,0,1,7,29,0
7,1,3,1.86,0.219,6,0,4,5,9,35,0
60,0,0,2.93,0.034,2,0,0,0,0,66,0
17,0,0,3.21,0.013,3,0,1,2,0,51,0
69,0,1,2.15,0.008,0,0,0,2,1,61,0
52,2,3,3.41,0.822,2,0,1,1,8,53,0
0,0,3,1.48,0.122,0,0,1,1,12,42,0
1,0,1,2.76,0.873,1,0,3,3,9,44,0
67,0,0,4.01,0.003,2,0,1,1,8,62,0
25,0,0,3.24,0.044,2,0,0,3,1,51,0
15,1,2,1.59,0.158,3,0,0,0,7,44,0
31,0,3,3.79,0.011,0,0,5,9,5,59,0
4,4,1,1.49,0.784,0,0,2,2,12,25,0
0,2,7,2.37,0.732,2,0,7,10,15,26,0
6,0,2,2.17,0.761,0,0,3,5,5,43,0
41,2,0,2.34,0.06,6,0,0,1,5,53,0
32,0,0,2.75,0.259,6,0,1,4,1,55,0
24,2,0,3.22,0.017,0,1,0,0,2,50,0
14,0,0,3.15,0.189,0,0,0,3,5,49,0
6,4,0,2.09,0.855,0,1,2,2,8,22,0
11,0,0,3.49,0.092,0,0,0,1,0,48,0
29,0,1,3.92,0.028,1,0,0,1,1,57,0
54,1,0,3.42,0.0,2,0,0,8,7,59,0
30,7,1,1.82,0.353,2,1,0,0,13,29,0
28,1,0,1.75,0.11,2,1,0,1,4,50,0
15,2,2,3.93,0.007,1,0,2,7,5,51,0
33,1,1,2.5,0.312,4,0,0,0,6,54,0
64,0,1,2.48,0.681,0,0,4,7,1,56,0
7,0,0,1.87,0.21,0,0,0,1,0,41,0
20,0,0,3.38,0.059,1,0,0,0,0,58,0
5,0,0,3.37,0.393,0,0,14,14,4,37,0
0,0,1,2.26,0.345,0,0,3,3,2,40,0
40,0,0,3.81,0.387,2,0,2,2,0,61,0
2,2,2,1.26,0.879,3,0,1,4,10,25,0
4,0,1,2.77,0.571,4,0,6,7,1,39,0
66,5,1,2.26,0.554,1,1,2,2,7,38,0
2,0,0,2.38,0.109,0,0,1,1,1,40,0
19,0,0,1.26,0.333,6,0,0,5,10,46,0
39,1,4,3.13,0.683,2,0,3,10,7,57,0
11,1,0,4.23,0.015,0,1,0,1,7,40,0
11,7,7,2.76,0.757,1,0,7,9,22,32,0
36,0,0,2.69,0.013,0,0,0,1,0,55,0
1,0,0,2.63,0.018,2,0,0,0,1,37,0
11,0,0,2.56,0.104,0,0,0,4,0,48,0
52,3,7,1.43,0.595,5,0,2,11,16,42,0
8,7,0,1.77,0.001,3,0,5,6,10,32,0
7,7,0,3.16,0.525,1,0,2,2,8,24,0
10,1,7,2.13,0.582,0,0,14,15,11,34,0
82,0,0,2.93,0.167,2,0,3,3,4,60,0
6,1,7,2.56,0.183,1,0,3,5,14,42,0
6,2,1,2.96,0.24,4,1,2,3,7,35,0
31,1,0,1.45,0.212,0,0,5,6,3,48,0
15,2,4,2.13,0.245,2,0,1,3,13,40,0
81,3,0,2.17,0.61,0,1,20,23,10,44,0
19,2,2,3.56,0.062,0,0,2,8,4,49,0
14,2,0,1.83,0.953,6,1,4,4,10,31,0
12,0,1,1.89,0.477,2,0,0,1,1,39,0
19,0,4,2.45,0.053,6,0,4,6,8,46,0
90,0,0,3.74,0.063,1,0,0,0,0,63,0
19,0,0,3.4,0.052,0,0,0,4,0,51,0
57,0,0,2.84,0.021,0,0,1,1,3,70,0
5,2,0,1.55,0.761,1,1,2,4,7,32,0
37,0,3,1.81,0.352,0,0,2,7,6,55,0
1,0,0,3.13,0.063,0,0,0,0,0,39,0
13,0,3,1.0,0.015,0,0,1,3,6,48,0
9,4,1,2.4,0.368,1,0,2,2,9,40,0
0,0,1,1.58,0.393,0,0,2,2,5,41,0
52,0,0,3.21,0.79,4,0,3,7,2,56,0
20,2,0,2.19,0.117,6,0,2,3,3,42,0
15,2,1,1.08,0.438,3,1,1,1,11,30,0
44,0,1,2.25,0.334,0,0,4,4,2,55,0
9,0,1,2.42,0.124,0,0,1,2,6,46,0
4,0,0,3.6,0.194,2,0,0,0,8,43,0
24,0,0,3.05,0.609,0,0,0,1,0,48,0
15,1,3,2.4,0.38,1,0,2,4,9,45,0
4,2,1,1.28,0.504,1,0,0,0,9,35,0
4,0,0,2.92,0.781,1,0,2,2,5,34,0
20,1,3,3.77,0.133,3,0,0,1,7,52,0
16,1,7,1.98,0.135,6,0,3,6,10,43,0
36,1,0,2.07,0.289,6,1,7,15,3,41,0
2,0,2,1.0,0.79,3,0,5,6,8,28,0
5,1,0,3.4,0.0,0,1,0,1,3,43,0
6,0,3,1.71,0.003,2,0,0,0,7,38,0
90,0,0,2.96,0.118,1,0,0,2,2,63,0
34,0,0,2.72,0.61,0,0,1,1,0,54,0
26,0,0,2.66,0.807,0,0,0,0,4,46,0
34,0,1,1.0,0.9,5,0,0,2,10,42,0
16,3,0,2.88,0.082,0,1,7,7,3,33,0
48,0,1,3.48,0.039,0,0,2,4,2,62,0
4,1,1,1.63,0.537,2,0,1,1,8,41,0
90,1,1,2.9,0.062,1,0,2,2,7,50,0
11,0,0,2.8,0.191,1,0,0,0,0,45,0
10,4,7,1.83,0.038,5,0,0,2,18,40,0
33,0,0,2.28,0.225,1,0,0,1,8,56,0
1,7,0,1.0,0.027,2,1,0,1,13,26,0
3,1,0,1.97,0.286,0,1,0,3,1,31,0
6,2,0,1.96,0.029,4,1,3,3,2,33,0
19,1,0,1.41,0.257,5,0,2,5,4,40,0
6,4,2,1.38,0.902,5,1,2,3,14,22,0
47,0,0,2.56,0.263,2,0,1,1,0,66,0
90,0,0,2.86,0.397,0,0,1,5,0,55,0
4,1,2,3.0,0.139,3,0,4,4,8,39,0
29,0,0,3.31,0.173,0,0,2,4,3,54,0
62,1,0,2.48,0.032,1,0,0,3,6,66,0
26,3,2,1.86,0.464,0,0,0,0,6,43,0
48,1,1,1.77,0.685,0,0,7,8,6,46,0
26,2,3,4.11,0.131,1,0,0,1,14,50,0
9,1,0,2.65,0.04,0,1,0,0,3,39,0
9,2,3,1.91,0.01,4,0,3,4,7,39,0
26,0,1,1.61,0.829,0,0,1,1,1,44,0
4,1,0,2.91,0.969,2,1,1,2,7,32,0
25,0,0,1.91,0.734,0,0,0,5,5,46,0
18,0,5,2.07,0.597,6,0,3,3,9,41,0
53,0,0,2.51,0.283,3,0,1,2,0,57,0
1,0,1,1.32,0.414,0,0,1,4,3,45,0
46,1,0,3.6,0.478,0,1,1,8,1,54,0
13,1,0,2.3,0.0,0,0,0,2,1,45,0
44,0,0,2.85,0.243,6,0,0,7,0,54,0
4,0,1,4.54,0.028,1,0,1,3,1,51,0
29,1,1,2.76,0.092,1,0,0,4,3,50,0
0,3,1,1.0,0.239,1,0,9,11,4,25,0
31,5,0,1.78,0.448,2,1,7,7,9,24,0
14,4,3,2.66,0.744,6,0,2,4,8,33,0
49,0,1,1.36,0.854,0,0,7,8,10,49,0
22,0,0,2.39,0.038,4,0,0,2,0,51,0
16,0,0,2.43,0.022,0,0,1,1,5,48,0
20,0,4,2.48,0.271,3,0,2,4,4,50,0
9,1,0,2.12,0.659,0,0,3,5,6,39,0
83,0,3,2.33,0.432,1,0,1,2,5,55,0
21,2,2,1.0,0.272,2,0,0,1,6,34,0
16,0,2,3.16,0.284,6,0,1,3,3,46,0
23,1,3,1.53,0.052,3,0,0,6,9,52,0
9,6,1,2.3,0.456,5,1,15,15,15,12,1
5,0,1,2.54,0.061,3,0,1,8,6,48,0
11,1,0,2.82,0.209,1,1,0,0,1,39,0
3,0,2,3.12,0.077,0,0,1,1,6,48,0
1,2,0,2.08,0.446,4,1,14,17,2,23,0
7,0,2,1.5,0.619,1,0,1,3,10,37,0
3,4,0,3.3,0.066,4,0,8,8,6,34,0
37,0,2,1.45,0.057,0,0,0,1,5,57,0
11,0,0,2.9,0.068,0,0,0,0,1,46,0
26,1,6,2.2,0.328,0,0,0,2,14,50,0
17,0,7,3.65,0.063,3,0,7,7,9,52,0
15,2,2,2.08,0.65,6,0,3,3,9,32,0
16,1,0,2.86,0.104,0,1,0,1,3,44,0
27,0,1,2.79,0.092,0,0,2,2,1,56,0
39,0,0,1.86,0.618,2,0,0,0,4,45,0
9,2,0,2.17,0.359,0,0,0,4,4,40,0
12,3,2,2.97,0.811,3,1,0,0,8,30,0
5,7,7,1.33,0.274,1,0,4,4,26,30,0
7,2,0,3.96,0.054,0,0,1,3,4,46,0
71,1,0,4.45,0.669,0,0,0,1,6,54,0
57,7,0,1.87,0.225,1,0,4,4,9,40,0
79,1,0,1.7,0.149,1,0,0,1,3,60,0
16,0,1,1.9,0.6,0,0,2,5,1,42,0
2,3,2,2.67,0.5,1,0,0,3,6,38,0
5,4,2,1.82,0.432,2,1,1,1,7,30,0
32,0,0,3.38,0.166,0,0,2,6,0,54,0
44,7,0,1.0,0.901,3,1,2,5,13,32,0
19,0,1,1.89,0.01,0,0,0,6,1,55,0
35,3,1,1.72,0.679,2,0,1,7,9,49,0
68,3,2,3.33,0.777,3,1,2,6,7,48,0
29,0,1,2.34,0.245,1,0,0,0,7,52,0
7,5,1,2.48,0.2,0,0,13,13,13,29,0
24,0,0,2.76,0.013,3,0,0,1,4,49,0
49,0,0,3.15,0.384,3,0,2,7,4,55,0
30,0,0,2.11,0.527,0,0,1,2,0,50,0
20,1,0,2.58,0.03,6,0,3,5,5,44,0
11,0,0,3.41,0.692,1,0,0,5,2,51,0
44,0,0,3.17,0.2,1,0,0,2,2,58,0
20,0,0,3.47,0.183,3,0,0,0,0,59,0
73,1,1,3.53,0.492,3,0,0,2,2,59,0
41,7,0,1.54,0.384,3,1,0,0,14,38,0
23,0,0,2.93,0.275,0,0,3,3,1,51,0
9,0,0,3.69,0.001,1,0,0,1,0,52,0
24,2,1,2.73,0.288,2,1,1,4,11,38,0
37,0,1,3.29,0.1,3,0,1,2,5,55,0
9,0,4,2.39,0.018,1,0,2,2,4,40,0
15,0,0,3.09,0.112,2,0,3,3,9,48,0
62,0,0,3.62,0.608,3,0,0,1,0,54,0
13,1,0,2.6,0.347,0,1,0,2,5,34,0
4,4,1,3.03,0.21,2,0,4,4,7,32,0
49,0,0,2.51,0.683,1,0,0,0,1,51,0
10,0,0,3.08,0.002,3,0,3,6,0,43,0
1,0,1,1.67,0.366,0,0,5,8,5,36,0
6,0,0,3.06,0.002,0,0,0,6,0,54,0
66,1,0,2.59,0.001,1,0,0,2,3,61,0
14,0,0,2.85,0.949,3,0,2,5,0,46,0
9,0,1,3.58,0.613,1,0,1,6,9,37,0
90,0,0,3.43,0.08,0,0,2,2,2,65,0
26,7,1,2.03,0.79,1,1,9,12,11,25,0
70,0,1,3.18,0.004,0,0,0,4,1,59,0
56,0,0,1.0,0.378,2,0,0,2,3,54,0
9,1,0,3.59,0.001,2,0,0,0,6,43,0
1,1,2,3.37,0.086,1,0,2,2,5,44,0
26,0,0,3.37,0.022,0,0,1,1,1,59,0
15,1,1,3.07,0.001,3,0,0,2,4,49,0
1,0,0,2.88,0.104,0,0,1,4,0,42,0
6,0,0,2.84,0.017,2,0,1,1,1,41,0
11,0,2,1.71,0.795,6,0,3,3,4,32,0
42,0,0,3.2,0.204,0,0,0,3,0,54,0
7,0,0,2.19,0.404,0,0,0,0,0,38,0
1,1,2,1.4,0.99,0,0,2,4,9,32,0
90,0,0,1.0,0.007,0,0,0,2,4,52,0
19,4,1,2.37,0.084,0,0,5,11,15,36,0
6,5,7,2.88,0.39,4,0,5,5,18,33,0
4,2,1,2.86,0.785,6,0,2,8,10,34,0
4,0,0,3.23,0.028,1,0,2,5,0,47,0
19,2,3,1.65,0.657,1,0,10,11,10,33,0
62,0,0,2.33,0.025,1,0,0,3,1,62,0
30,0,0,3.32,0.137,1,0,1,1,0,56,0
10,1,7,1.96,0.019,4,0,4,9,12,34,0
4,5,0,2.82,0.032,1,1,2,4,5,36,0
30,0,0,3.09,0.859,4,0,6,8,8,47,0
2,0,4,3.44,0.345,0,0,1,3,5,43,0
1,0,0,3.83,0.769,2,0,1,12,0,39,0
22,0,0,3.05,0.0,0,0,2,2,6,50,0
3,0,0,1.0,0.127,6,0,1,1,4,37,0
31,1,0,1.75,0.414,3,0,0,0,8,52,0
2,0,0,2.45,0.647,2,0,1,6,3,35,0
11,2,0,1.56,0.231,6,0,3,3,5,42,0
2,0,2,1.93,0.352,2,0,0,2,10,44,0
49,0,0,3.68,0.021,2,0,4,4,3,68,0
11,1,0,2.75,0.022,0,0,6,8,5,45,0
48,1,1,2.2,0.423,0,0,3,6,6,59,0
27,2,0,2.22,0.184,3,1,0,0,9,48,0
28,1,1,3.85,0.112,2,0,1,3,2,51,0
28,0,1,2.17,0.462,4,0,1,1,4,46,0
16,1,0,1.8,0.493,1,0,0,4,11,46,0
19,0,0,3.45,0.571,5,0,0,3,4,49,0
84,1,0,2.98,0.0,0,1,0,3,3,53,0
7,0,1,3.18,0.255,6,0,7,7,4,34,0
12,1,2,1.72,0.187,1,0,1,1,7,43,0
9,0,0,2.68,0.311,6,0,2,3,4,49,0
7,1,3,1.17,0.254,1,0,1,6,15,49,0
8,0,1,2.58,0.241,2,0,0,3,3,44,0
12,0,0,4.12,0.317,3,0,0,1,0,52,0
5,0,0,3.37,0.209,1,0,5,8,3,45,0
13,0,0,1.46,0.545,0,0,5,14,5,41,0
1,2,1,2.15,0.919,6,1,8,8,10,20,1
18,0,1,2.22,0.037,0,0,0,3,6,51,0
65,6,0,2.03,0.623,0,1,1,9,6,36,0
71,0,1,2.11,0.051,1,0,1,1,1,56,0
29,0,0,1.91,0.051,0,0,0,1,3,55,0
6,2,0,1.29,0.7,0,1,0,0,8,29,0
76,0,1,2.26,0.278,0,0,0,8,3,64,0
11,0,0,1.57,0.0,1,0,1,2,0,44,0
5,0,0,1.47,0.14,6,0,2,2,6,36,0
35,0,6,2.23,0.318,4,0,0,3,6,52,0
90,5,0,2.34,0.023,0,0,0,2,5,53,0
13,0,0,2.42,0.014,1,0,0,8,5,44,0
90,0,0,3.11,0.042,0,0,0,0,0,60,0
0,1,0,3.21,0.334,0,1,1,3,2,36,0
32,0,1,2.92,0.139,5,0,0,3,4,51,0
12,0,0,2.68,0.089,0,0,0,0,2,51,0
90,5,0,2.21,0.877,0,0,0,0,5,47,0
5,1,0,2.4,0.128,2,1,3,4,1,33,0
19,0,0,3.18,0.83,1,0,0,6,1,50,0
52,0,1,2.81,0.06,1,0,3,3,3,67,0
71,0,0,3.25,0.002,0,0,0,6,4,57,0
3,5,1,1.5,0.24,1,0,8,10,6,27,0
8,1,0,2.9,0.052,3,1,1,1,5,40,0
30,5,7,1.41,0.207,0,0,8,9,16,41,0
1,2,2,1.27,0.385,1,0,0,0,4,37,0
0,2,2,2.7,0.353,2,0,1,2,7,35,0
38,4,0,2.5,0.932,3,1,1,2,10,39,0
7,1,7,2.19,0.041,0,0,2,7,10,38,0
90,0,0,3.01,0.0,0,0,1,3,3,64,0
18,0,1,3.14,0.502,2,0,5,5,5,39,0
30,0,0,2.21,0.009,0,0,0,3,2,56,0
27,1,0,1.24,0.34,1,1,1,1,2,42,0
13,0,0,1.97,0.143,2,0,7,7,2,41,0
90,0,0,1.38,0.003,0,0,2,4,0,55,0
13,0,2,1.7,0.155,0,0,1,1,5,45,0
32,1,0,2.44,0.129,0,0,0,3,3,51,0
6,0,0,2.96,0.442,2,0,0,1,0,43,0
13,0,0,2.62,0.155,4,0,1,1,4,49,0
6,0,4,2.63,0.804,3,0,5,5,5,34,0
1,4,0,2.43,0.354,4,0,6,8,6,25,0
11,5,0,2.02,0.599,1,1,0,0,9,34,0
17,0,0,2.08,0.081,4,0,3,5,8,43,0
19,0,1,3.49,0.0,0,0,0,3,1,56,0
14,3,7,2.7,0.055,1,0,5,5,17,41,0
16,4,2,2.27,0.095,1,1,1,1,6,42,0
14,2,0,3.29,0.014,3,1,0,0,7,42,0
63,0,0,3.0,0.691,1,0,4,5,1,48,0
4,7,0,1.53,0.346,1,1,3,4,12,23,0
1,0,1,1.0,0.406,4,0,6,8,3,29,0
13,1,0,3.34,0.224,0,0,2,3,1,43,0
24,0,4,2.21,0.055,2,0,5,7,5,51,0
4,0,3,2.28,0.979,6,0,2,4,8,33,0
1,0,1,2.42,0.267,1,0,1,6,3,46,0
3,7,6,3.32,0.423,3,0,2,14,25,35,0
2,0,6,1.94,0.307,4,0,0,1,11,42,0
75,1,0,3.26,0.29,2,0,0,1,5,55,0
5,5,3,3.28,0.777,0,1,0,0,10,33,0
0,4,0,2.19,0.219,6,1,1,2,9,26,0
18,0,1,2.58,0.089,3,0,0,1,3,56,0
45,4,4,1.07,0.058,0,0,2,4,8,50,0
3,4,0,2.02,0.004,0,0,2,4,5,31,0
39,4,1,2.18,0.168,1,1,17,19,9,40,0
2,0,1,2.21,0.727,3,0,0,1,6,36,0
52,1,4,2.28,0.583,1,0,0,4,7,60,0
21,2,3,2.27,0.189,3,0,2,2,5,42,0
0,2,0,1.59,0.808,2,0,8,9,8,26,0
11,3,1,1.65,0.62,0,0,0,2,9,39,0
68,1,0,2.44,0.031,1,1,0,0,1,48,0
39,1,0,3.29,0.211,0,0,2,2,1,56,0
2,0,0,3.0,0.007,1,0,0,1,1,45,0
15,0,5,2.07,0.442,0,0,5,5,13,47,0
22,3,0,2.98,0.354,6,0,0,0,3,44,0
16,0,6,1.0,0.735,6,0,7,8,11,37,0
21,0,0,3.08,0.109,1,0,2,8,4,48,0
0,5,1,1.75,0.965,1,1,4,4,13,21,1
2,0,0,2.24,0.107,0,0,1,4,1,42,0
44,1,1,1.0,0.968,1,0,3,3,8,46,0
90,0,0,3.62,0.386,0,0,0,2,1,62,0
3,0,0,2.75,0.305,4,0,0,1,0,36,0
16,0,0,2.57,0.038,3,0,6,8,10,43,0
1,0,0,2.27,0.218,0,0,1,3,0,42,0
12,2,3,1.99,0.534,4,0,2,4,10,40,0
43,0,6,1.16,0.375,1,0,3,4,12,55,0
9,0,0,2.75,0.018,2,0,0,1,0,46,0
16,0,0,3.41,0.033,1,0,1,4,0,50,0
11,1,0,2.63,0.138,1,0,0,1,2,46,0
54,0,0,2.56,0.029,1,0,3,3,5,55,0
6,1,5,1.25,0.089,1,0,2,4,6,41,0
8,6,4,1.48,0.915,0,0,4,6,15,19,1
5,6,3,2.79,0.196,0,0,0,0,13,36,0
1,3,2,4.57,0.686,0,0,0,1,9,45,0
3,0,2,3.96,0.114,0,0,1,5,2,50,0
0,0,1,2.68,0.286,2,0,3,6,6,38,0
90,0,0,2.66,0.093,1,0,0,0,4,62,0
18,0,0,2.37,0.599,0,0,5,5,3,41,0
19,0,0,2.36,0.137,6,0,1,1,0,48,0
0,0,0,2.38,0.324,0,0,0,0,4,39,0
2,6,0,1.52,0.584,2,0,1,4,14,19,1
6,0,0,2.44,0.273,0,0,1,1,4,44,0
15,0,1,1.97,0.077,0,0,0,8,2,48,0
90,0,1,3.94,0.447,2,0,1,2,3,65,0
0,3,7,1.88,0.34,6,0,9,13,14,28,0
11,1,0,2.75,0.193,0,0,6,6,10,46,0
3,1,0,1.91,0.041,2,0,1,1,5,41,0
81,4,1,2.7,0.491,1,1,6,7,10,46,0
1,2,0,3.33,0.129,0,1,2,2,10,44,0
25,0,1,2.92,0.135,0,0,0,1,5,60,0
75,0,1,3.72,0.13,6,0,4,6,5,59,0
11,0,1,2.14,0.659,0,0,0,0,5,48,0
3,1,0,2.33,0.236,0,1,0,10,3,31,0
14,3,0,3.1,0.478,0,1,0,0,5,37,0
27,2,0,3.19,0.006,0,1,1,3,7,51,0
10,0,0,1.28,0.163,6,0,5,7,3,34,0
90,1,0,3.33,0.483,2,0,0,0,4,55,0
9,0,1,1.83,0.065,0,0,0,0,8,43,0
38,0,0,3.63,0.277,2,0,5,5,0,56,0
90,2,0,3.31,0.038,0,0,0,2,4,58,0
90,1,0,2.35,0.16,1,0,1,5,1,62,0
31,0,5,3.38,0.135,3,0,4,11,14,51,0
38,1,0,1.86,0.521,0,0,1,3,8,54,0
56,2,4,2.26,0.249,6,0,7,7,15,52,0
12,1,4,3.59,0.458,6,0,1,2,10,40,0
8,0,4,1.97,0.37,2,0,3,5,4,44,0
8,0,0,1.32,0.756,2,0,1,2,7,40,0
2,3,2,2.03,0.394,6,0,1,1,7,35,0
61,1,0,2.19,0.674,0,0,1,2,9,60,0
30,0,0,2.36,0.359,2,0,1,1,5,51,0
14,0,0,3.94,0.004,3,0,4,10,0,47,0
2,0,0,3.3,0.891,2,0,0,1,7,44,0
4,3,0,2.51,0.078,0,0,5,6,3,35,0
3,0,0,2.29,0.084,0,0,8,10,2,34,0
5,0,2,1.17,0.617,5,0,5,5,7,37,0
1,1,0,3.35,0.221,6,0,0,2,10,40,0
90,0,2,3.08,0.661,2,0,0,0,5,62,0
42,3,2,2.22,0.285,1,0,3,8,10,54,0
20,0,5,2.43,0.217,3,0,1,1,14,50,0
11,1,5,2.4,0.611,1,0,14,16,15,31,0
6,0,0,1.75,0.174,2,0,0,0,0,43,0
39,1,1,2.07,0.055,6,0,18,22,10,51,0
1,3,0,1.25,0.122,1,1,0,0,4,29,0
16,0,2,2.97,0.315,0,0,11,11,7,42,0
64,0,0,2.48,0.026,0,0,0,3,0,59,0
90,0,0,3.45,0.184,0,0,0,6,6,56,0
1,3,0,1.83,0.204,3,0,4,4,5,27,0
90,0,0,4.46,0.596,3,0,0,2,0,61,0
70,7,1,1.88,0.751,3,1,0,2,12,41,0
44,0,1,2.41,0.0,0,0,0,0,3,57,0
3,0,0,3.37,0.003,0,0,1,1,0,46,0
11,0,0,2.38,0.022,0,0,0,5,0,47,0
90,0,0,2.33,0.003,3,0,1,5,3,62,0
90,1,0,2.16,0.027,0,1,6,9,5,43,0
5,1,1,2.89,0.072,3,0,2,4,9,44,0
39,1,0,1.52,0.33,2,1,0,1,1,45,0
27,0,0,2.88,0.069,0,0,2,8,2,58,0
57,0,1,1.29,0.035,0,0,2,2,2,60,0
7,0,1,2.32,0.108,0,0,0,0,1,44,0
5,2,0,2.19,0.65,2,0,0,0,4,32,0
5,4,2,2.77,0.169,1,1,0,2,8,39,0
90,1,0,2.21,0.072,0,1,0,3,3,52,0
2,3,2,1.68,0.868,6,1,4,6,10,24,0
0,0,0,3.08,0.307,4,0,0,0,5,45,0
19,1,1,1.0,0.164,6,0,4,4,6,32,0
2,1,7,1.5,0.875,0,0,1,1,10,27,0
43,0,0,3.75,0.229,0,0,0,2,3,62,0
16,0,3,3.59,0.241,0,0,2,2,4,50,0
2,0,0,2.78,0.143,0,0,0,0,2,44,0
17,0,0,2.8,0.637,1,0,0,1,0,46,0
4,5,0,1.0,0.545,0,1,0,3,11,27,0
43,3,1,3.83,0.478,1,1,0,2,10,54,0
8,0,0,1.0,0.741,0,0,2,4,0,39,0
6,1,0,2.78,0.626,0,1,1,4,5,39,0
26,0,3,3.31,0.576,0,0,2,4,6,48,0
8,0,0,3.01,0.337,3,0,0,11,2,39,0
53,6,2,2.72,0.108,0,0,2,2,10,46,0
11,0,0,3.85,0.027,2,0,0,0,1,52,0
90,0,1,2.18,0.321,0,0,1,6,1,62,0
44,0,0,3.17,0.0,0,0,0,1,3,61,0
28,3,0,3.15,0.128,0,0,0,0,3,47,0
2,2,1,3.66,0.216,0,1,2,4,3,38,0
52,4,1,1.47,0.802,1,0,0,1,6,45,0
2,2,0,2.86,0.618,0,1,0,2,2,33,0
0,1,2,2.85,0.195,3,0,2,4,8,42,0
5,0,4,2.08,0.269,0,0,0,0,4,42,0
25,0,1,1.48,0.472,1,0,2,2,10,42,0
90,0,0,2.12,0.139,3,0,0,0,0,59,0
90,0,0,2.05,0.118,0,0,0,0,1,64,0
40,2,0,2.56,0.49,0,0,2,5,6,56,0
35,0,0,2.6,0.562,0,0,2,2,4,51,0
23,1,1,1.97,0.232,2,0,3,7,2,43,0
24,3,0,1.98,0.019,6,1,7,8,8,38,0
80,2,0,2.87,0.014,0,1,0,2,4,52,0
3,0,0,3.29,0.763,2,0,2,2,4,40,0
9,0,0,2.49,0.011,0,0,0,2,1,50,0
3,2,0,1.0,0.251,0,0,3,3,7,34,0
11,0,0,1.73,0.443,1,0,0,0,0,44,0
25,0,0,2.71,0.323,0,0,0,3,4,51,0
9,2,0,3.0,0.312,0,0,0,0,4,46,0
0,0,0,2.8,0.297,1,0,0,0,6,48,0
34,2,1,1.25,0.454,2,1,0,0,3,46,0
30,0,1,2.17,0.209,6,0,2,2,5,52,0
24,1,4,1.89,0.784,1,0,2,4,5,42,0
90,0,0,2.49,0.058,0,0,1,4,0,63,0
18,7,0,3.62,0.027,0,1,0,3,10,43,0
7,0,0,1.05,0.02,0,0,0,0,0,46,0
29,0,0,1.62,0.267,6,0,2,5,1,48,0
43,0,1,1.82,0.043,3,0,0,0,12,58,0
5,1,0,1.94,0.58,6,1,6,8,10,31,0
2,2,2,3.45,0.287,1,0,3,9,10,36,0
58,1,3,2.67,0.274,6,0,0,0,8,55,0
2,0,0,2.68,0.15,1,0,0,4,0,43,0
24,1,1,3.91,0.299,6,0,3,3,9,45,0
90,0,0,3.72,0.561,1,0,0,0,0,62,0
15,2,7,2.92,0.234,1,0,3,4,14,42,0
76,0,2,3.4,0.084,0,0,0,2,2,61,0
30,0,2,2.76,0.08,2,0,0,3,5,57,0
90,1,0,1.7,0.116,0,1,9,9,8,55,0
1,2,3,2.33,0.308,2,0,4,7,9,38,0
90,0,1,2.48,0.003,5,0,0,0,6,58,0
2,3,0,2.27,0.249,2,1,1,1,7,29,0
7,1,1,2.24,0.166,3,0,3,3,11,43,0
3,0,0,2.56,0.102,6,0,12,12,0,35,0
7,2,1,2.64,0.274,1,0,1,2,11,40,0
67,1,0,1.52,0.773,2,0,4,4,6,50,0
55,0,0,2.48,0.301,0,0,0,3,0,58,0
0,0,5,1.0,0.021,0,0,1,2,12,39,0
6,1,0,2.98,0.34,1,0,1,1,6,48,0
9,5,2,1.0,0.182,3,1,2,3,14,22,0
11,1,0,1.89,0.368,6,0,4,5,2,38,0
3,5,0,2.56,0.518,6,1,0,0,12,23,0
64,0,0,2.18,0.093,0,0,0,2,2,59,0
5,0,0,2.09,0.13,2,0,1,2,0,44,0
12,1,0,3.04,0.437,0,0,0,3,4,45,0
8,6,5,2.62,0.345,4,0,2,2,12,25,0
24,0,0,3.83,0.272,0,0,0,2,4,50,0
36,0,1,2.83,0.261,4,0,1,2,4,55,0
40,0,0,3.43,0.0,1,0,0,1,0,71,0
12,1,7,1.6,0.293,6,0,11,12,13,33,0
4,1,0,2.57,0.087,0,0,0,2,5,38,0
44,7,4,4.03,0.187,5,0,0,0,13,50,0
24,2,0,2.29,0.02,0,0,0,3,10,43,0
39,1,0,3.49,0.883,0,1,2,4,1,50,0
3,2,2,2.57,0.166,2,0,1,2,7,35,0
76,1,0,2.85,0.381,4,1,0,0,5,47,0
10,0,0,2.29,0.167,6,0,2,2,0,43,0
20,0,0,3.57,0.009,0,0,0,4,1,52,0
0,2,0,1.91,0.761,6,1,0,2,10,27,0
45,1,0,2.37,0.433,0,1,2,3,2,55,0
10,7,3,1.04,0.653,3,1,7,7,14,14,1
67,1,7,3.16,0.663,1,0,2,9,8,57,0
38,0,0,1.29,0.434,0,0,0,0,0,58,0
27,0,3,2.38,0.122,0,0,0,4,7,56,0
14,0,0,3.25,0.054,0,0,0,3,7,52,0
11,4,2,2.08,0.133,6,0,10,14,6,26,0
3,7,0,2.07,0.02,0,1,7,7,9,19,1
0,0,0,2.63,0.271,0,0,0,5,1,41,0
41,0,5,1.27,0.072,5,0,13,13,11,47,0
18,7,3,2.16,0.85,0,0,13,14,18,24,0
0,0,5,2.45,0.051,0,0,1,1,11,45,0
0,0,4,2.48,0.379,3,0,2,3,8,33,0
12,0,0,1.04,0.01,2,0,0,3,4,45,0
57,0,0,1.81,0.195,1,0,8,9,4,56,0
59,0,1,2.49,0.329,3,0,1,2,1,55,0
42,0,0,3.62,0.068,0,0,0,0,0,67,0
38,0,1,4.29,0.025,0,0,1,2,4,66,0
1,6,2,2.44,0.995,6,0,1,1,11,25,0
5,1,2,2.24,0.367,0,0,1,4,3,35,0
60,2,2,1.78,0.257,6,0,3,8,5,48,0
12,2,0,3.12,0.03,1,0,0,5,2,44,0
90,1,0,1.19,0.016,1,0,0,1,1,58,0
4,3,1,2.61,0.78,2,1,2,2,11,22,0
10,0,1,2.65,0.0,1,0,1,1,6,52,0
4,4,0,1.82,0.687,6,0,3,7,10,33,0
3,1,0,3.85,0.612,0,1,0,1,5,34,0
35,2,0,1.67,0.484,6,1,2,2,9,40,0
14,4,7,2.67,0.07,0,0,3,5,18,39,0
10,1,0,2.91,0.013,6,0,0,1,3,46,0
4,3,1,3.42,0.219,0,1,1,4,7,38,0
13,0,1,1.66,0.107,0,0,2,2,5,49,0
33,0,0,2.38,0.558,4,0,0,0,0,50,0
28,0,1,2.25,0.122,0,0,4,5,3,52,0
4,0,0,2.62,0.076,1,0,0,0,5,46,0
8,2,1,1.62,0.043,1,0,0,0,8,43,0
1,3,0,2.33,0.598,3,0,2,6,9,32,0
20,0,0,3.47,0.811,4,0,0,0,0,50,0
4,0,0,3.43,0.219,1,0,4,5,0,42,0
8,1,1,2.54,0.647,2,0,1,8,5,38,0
1,0,5,2.83,0.592,6,0,15,19,11,32,0
1,1,0,2.54,0.69,6,0,1,8,10,39,0
31,0,0,1.6,0.145,1,0,0,1,0,57,0
69,2,0,1.47,0.265,1,0,1,2,5,53,0
51,4,0,1.31,0.829,0,1,1,1,4,35,0
50,0,3,2.01,0.134,2,0,1,1,6,56,0
29,0,2,2.91,0.051,1,0,0,1,8,59,0
6,4,1,3.13,0.616,6,1,3,4,7,29,0
27,1,0,1.89,0.059,1,0,1,8,7,49,0
34,1,5,3.26,0.383,0,0,0,0,11,51,0
55,1,1,2.54,0.076,1,0,1,2,2,57,0
35,1,0,2.53,0.009,2,1,0,0,3,56,0
90,0,1,3.13,0.183,4,0,1,4,1,68,0
68,0,1,3.44,0.625,0,0,0,0,6,58,0
35,2,0,3.01,0.039,5,1,3,3,3,46,0
54,1,1,2.84,0.358,1,0,0,0,6,57,0
24,0,1,2.75,0.637,5,0,0,1,4,52,0
17,2,0,2.85,0.056,0,0,0,0,2,48,0
13,6,3,1.83,0.448,1,1,2,4,12,32,0
28,0,1,2.23,0.007,1,0,0,0,1,57,0
6,5,1,1.9,0.072,1,1,2,2,13,26,0
3,5,1,1.32,0.633,3,0,0,1,10,31,0
28,0,0,1.84,0.046,0,0,2,4,10,57,0
30,1,0,2.7,0.003,6,0,0,0,4,47,0
33,0,0,1.68,0.068,2,0,5,5,0,50,0
0,0,0,1.0,0.985,4,0,2,3,6,31,0
21,0,2,3.04,0.143,1,0,0,2,9,53,0
0,1,7,2.02,0.539,0,0,5,5,15,26,0
8,0,0,2.05,0.335,1,0,5,11,2,42,0
7,1,0,4.33,0.0,0,0,0,1,1,51,0
3,0,0,2.37,0.084,1,0,2,5,3,46,0
3,1,0,1.26,0.663,1,0,4,4,4,30,0
28,0,6,1.46,0.735,4,0,0,5,9,45,0
33,0,0,3.15,0.593,1,0,0,0,0,51,0
0,0,0,1.62,0.607,2,0,2,6,5,41,0
26,1,0,2.66,0.544,1,0,1,1,3,43,0
34,0,1,4.01,0.692,0,0,3,3,6,58,0
0,0,0,2.72,0.138,1,0,1,5,0,38,0
12,1,0,1.78,0.07,0,0,0,6,1,44,0
22,0,0,1.8,0.657,0,0,1,1,5,45,0
8,3,1,2.72,0.001,0,1,0,2,4,37,0
90,0,0,3.37,0.195,2,0,0,0,1,66,0
17,0,0,1.81,0.881,6,0,5,9,4,35,0
14,4,2,1.4,0.007,0,1,5,5,9,28,0
45,1,1,2.46,0.001,0,0,0,3,2,63,0
45,3,0,2.45,0.39,2,1,7,8,6,43,0
0,1,2,2.06,0.131,4,0,1,1,5,37,0
10,0,2,2.23,0.814,4,0,0,0,6,42,0
37,2,1,1.92,0.073,0,1,1,3,10,47,0
4,0,1,2.03,0.047,1,0,4,4,4,41,0
19,0,0,1.9,0.896,1,0,0,0,4,43,0
5,0,0,1.71,0.004,1,0,0,1,0,47,0
43,4,1,3.19,0.542,6,0,0,0,16,49,0
51,0,0,2.12,0.292,4,0,2,3,0,60,0
11,0,7,1.0,0.631,1,0,8,8,15,28,0
45,0,0,2.97,0.176,0,0,0,1,1,63,0
9,5,2,2.29,0.956,0,0,0,2,10,27,0
31,3,0,2.32,0.208,1,1,2,2,6,46,0
87,2,2,2.63,0.592,3,0,3,4,12,51,0
2,6,3,3.27,0.69,0,0,0,2,16,28,0
90,0,0,3.06,0.078,1,0,0,4,0,67,0
7,0,1,3.18,0.985,4,0,14,14,8,39,0
49,2,0,2.52,0.011,0,0,0,0,2,63,0
86,1,0,1.7,0.006,3,0,2,3,1,57,0
56,0,1,2.43,0.197,0,0,0,2,1,62,0
12,1,0,1.53,0.001,1,0,0,0,4,41,0
8,7,0,2.89,0.94,0,1,5,13,15,23,0
2,0,0,1.32,0.105,3,0,1,2,2,38,0
35,0,0,1.91,0.04,0,0,2,3,0,48,0
14,3,0,3.37,0.0,4,1,5,6,5,38,0
53,0,0,3.52,0.27,3,0,0,1,0,62,0
21,0,0,2.02,0.307,3,0,0,2,0,46,0
8,2,1,3.41,0.103,0,0,1,2,3,47,0
90,1,0,1.83,0.151,3,0,0,3,4,52,0
23,0,0,2.24,0.143,0,0,1,9,4,47,0
5,0,0,1.54,0.272,0,0,0,0,7,40,0
18,0,0,1.93,0.393,6,0,0,0,1,40,0
90,0,0,1.35,0.186,0,0,5,6,1,51,0
4,1,2,2.0,0.617,1,0,1,1,7,34,0
12,0,0,2.99,0.284,0,0,1,3,0,50,0
16,2,0,2.62,0.134,5,0,2,2,2,40,0
38,2,3,3.46,0.672,2,0,3,6,15,49,0
8,1,1,2.44,0.755,3,0,1,1,5,35,0
22,2,2,3.42,0.002,1,0,0,1,4,54,0
20,0,0,2.74,0.11,2,0,1,12,0,51,0
8,3,0,1.24,0.089,1,0,1,3,3,36,0
22,1,0,2.85,0.709,0,1,0,2,4,43,0
19,7,0,2.11,0.829,0,0,5,6,9,32,0
8,0,0,3.93,0.012,0,0,0,2,0,53,0
15,7,0,1.86,0.281,3,0,15,15,11,28,0
2,6,0,1.21,0.449,0,1,7,8,13,14,1
17,1,0,1.77,0.352,6,0,0,3,4,44,0
10,2,0,2.9,0.561,6,0,6,6,7,39,0
15,0,3,2.18,0.504,6,0,1,7,16,42,0
2,0,3,2.54,0.469,0,0,2,2,8,40,0
34,0,3,2.9,0.017,5,0,0,3,6,54,0
17,6,1,1.73,0.661,1,0,5,5,9,32,0
0,3,2,2.46,0.586,0,0,0,0,6,35,0
12,0,1,2.8,0.079,1,0,0,0,4,49,0
35,0,0,3.94,0.058,4,0,0,0,1,60,0
90,0,0,2.67,0.064,0,0,0,2,0,69,0
28,7,0,2.91,0.409,2,1,4,9,13,32,0
90,1,0,2.12,0.005,0,0,0,0,6,60,0
9,0,0,2.69,0.632,0,0,0,0,9,43,0
66,0,0,2.26,0.94,1,0,0,0,7,55,0
8,2,2,1.92,0.201,4,0,1,1,4,44,0
5,0,1,2.21,0.073,3,0,1,1,3,47,0
17,1,1,1.96,0.745,4,0,2,2,5,38,0
1,1,0,2.74,0.535,1,0,0,3,5,36,0
10,1,0,2.43,0.412,4,0,0,1,3,41,0
90,0,2,1.27,0.208,0,0,16,23,9,50,0
7,5,2,1.0,0.2,0,1,3,4,7,17,1
19,0,0,1.63,0.012,4,0,0,0,3,48,0
16,1,0,2.82,0.053,2,1,2,3,4,43,0
17,0,0,2.18,0.124,2,0,3,5,8,49,0
31,0,3,3.03,0.549,2,0,0,4,7,52,0
15,7,0,3.04,0.081,4,1,3,3,7,27,0
6,0,1,3.96,0.0,0,0,0,0,1,49,0
1,0,0,2.04,0.305,0,0,4,5,2,37,0
19,5,6,2.39,0.112,3,0,1,2,15,43,0
78,0,0,3.44,0.064,1,0,1,2,0,59,0
31,1,0,2.64,0.279,0,0,0,0,1,55,0
1,0,0,1.55,0.999,6,0,2,3,3,26,0
21,0,0,3.78,0.077,0,0,0,1,3,52,0
9,0,1,3.14,0.94,2,0,0,6,4,49,0
90,1,1,3.77,0.08,0,0,0,3,5,62,0
3,0,2,2.49,0.3,0,0,4,4,3,42,0
45,0,2,2.4,0.002,0,0,0,0,2,57,0
18,6,4,2.57,0.138,2,0,4,5,10,31,0
8,0,1,2.02,0.538,0,0,1,3,10,44,0
8,4,0,1.83,0.009,6,1,1,1,13,32,0
1,1,0,2.92,0.69,0,1,0,2,4,37,0
5,7,0,1.77,0.013,6,0,3,4,13,29,0
28,1,0,1.01,0.104,1,0,0,0,5,51,0
10,0,0,3.39,0.166,0,0,0,1,2,44,0
47,0,0,4.04,0.23,0,0,0,0,0,57,0
0,0,0,3.07,0.515,4,0,6,7,3,36,0
2,4,0,1.0,0.702,1,0,1,1,7,26,0
12,0,0,3.1,0.1,0,0,0,0,1,51,0
3,2,1,2.76,0.821,1,1,0,2,6,33,0
22,1,2,1.39,0.422,4,0,0,2,7,45,0
86,0,3,3.69,0.516,1,0,5,9,8,55,0
2,3,1,1.97,0.798,2,1,7,8,5,21,1
21,0,0,2.8,0.369,0,0,0,1,0,49,0
13,0,3,1.47,0.173,2,0,5,10,3,39,0
39,0,0,3.96,0.005,0,0,0,5,1,62,0
14,0,0,2.23,0.527,1,0,1,4,2,46,0
5,3,0,1.75,0.164,1,1,2,3,3,33,0
12,0,0,1.87,0.76,3,0,0,2,4,47,0
90,0,0,2.78,0.064,1,0,1,3,6,64,0
49,0,0,2.68,0.06,1,0,0,0,2,60,0
11,1,5,2.33,0.809,0,0,9,12,9,32,0
60,1,0,3.27,0.176,1,1,3,4,3,53,0
45,1,0,3.36,0.152,0,0,0,0,1,67,0
1,4,1,2.98,0.464,3,1,7,9,11,31,0
21,0,0,3.0,0.443,0,0,0,0,1,57,0
15,2,0,3.41,0.861,3,0,5,5,2,38,0
5,1,1,3.02,0.31,5,0,7,10,12,31,0
5,1,1,1.95,0.333,0,0,5,5,10,41,0
1,0,2,1.69,0.053,0,0,0,0,2,43,0
13,1,0,2.93,0.059,3,0,1,4,2,48,0
3,0,0,3.3,0.011,1,0,0,2,4,42,0
16,0,1,2.27,0.972,3,0,3,5,10,43,0
49,0,0,2.71,0.003,1,0,0,2,1,64,0
68,0,4,3.0,0.003,0,0,4,5,4,63,0
73,2,1,2.94,0.032,1,0,3,3,3,58,0
25,0,0,2.88,0.316,1,0,3,5,6,53,0
90,0,0,3.25,0.403,0,0,0,3,2,69,0
4,1,0,2.99,0.035,2,1,1,1,2,38,0
9,2,0,1.0,0.546,2,1,0,0,3,29,0
33,5,4,2.94,0.427,2,0,0,6,11,50,0
62,4,2,2.57,0.23,0,0,1,5,6,56,0
17,0,0,2.9,0.027,6,0,0,3,0,46,0
90,2,0,2.66,0.056,0,0,0,0,2,60,0
6,2,0,4.13,0.075,0,1,5,8,2,36,0
19,1,3,1.94,0.116,0,0,2,2,9,45,0
13,1,1,2.87,0.496,2,0,3,3,11,43,0
11,0,3,1.79,0.426,6,0,1,1,9,40,0
50,2,1,2.78,0.591,0,0,2,4,3,54,0
0,0,2,2.41,0.0,1,0,6,6,3,40,0
2,0,4,1.97,0.094,6,0,2,2,7,36,0
9,0,0,2.51,0.154,6,0,0,2,9,43,0
1,1,1,2.12,0.626,1,0,0,1,4,28,0
11,0,0,3.45,0.03,1,0,0,3,1,56,0
37,0,0,1.9,0.032,3,0,5,11,0,53,0
1,2,1,2.04,0.598,0,1,4,4,6,33,0
26,0,0,2.02,0.921,0,0,14,15,11,45,0
15,0,4,3.79,0.131,2,0,0,0,4,51,0
28,0,1,2.44,0.005,0,0,2,2,2,50,0
12,0,4,1.93,0.157,5,0,1,1,13,45,0
13,2,0,1.46,0.822,0,0,2,2,7,39,0
5,0,0,2.78,0.671,2,0,1,1,8,41,0
16,0,0,2.96,0.378,0,0,0,1,4,48,0
6,7,1,1.86,0.059,3,0,1,1,8,31,0
20,2,0,1.69,0.541,0,1,3,3,7,37,0
23,0,2,3.23,0.807,0,0,0,1,6,46,0
6,0,0,2.91,0.209,0,0,0,2,4,50,0
11,1,7,2.8,0.684,3,0,4,8,15,37,0
22,0,2,2.5,0.521,0,0,0,0,2,57,0
90,0,0,3.22,0.103,1,0,1,2,5,64,0
6,0,0,1.92,0.013,3,0,2,10,0,39,0
0,1,2,2.04,0.782,6,0,0,0,3,27,0
19,0,0,3.47,0.01,2,0,1,5,0,56,0
36,0,0,3.89,0.034,0,0,0,0,0,59,0
15,0,0,1.8,0.393,4,0,0,1,0,43,0
4,0,0,2.45,0.192,5,0,0,1,0,43,0
44,2,1,2.07,0.004,0,0,0,1,3,56,0
10,1,0,1.06,0.777,6,1,9,14,2,26,0
47,0,1,2.52,0.447,2,0,0,3,5,52,0
87,0,0,2.16,0.332,0,0,0,3,1,59,0
16,2,7,1.73,0.161,3,0,7,8,14,35,0
8,0,1,3.53,0.0,0,0,0,9,9,52,0
62,0,0,2.7,0.688,3,0,0,2,4,60,0
8,0,1,3.79,0.412,0,0,4,6,1,50,0
43,0,0,2.23,0.612,5,0,2,7,6,56,0
4,0,0,3.38,0.2,3,0,0,0,0,46,0
21,0,3,3.75,0.354,1,0,1,2,4,52,0
4,3,2,2.62,0.033,3,0,5,6,5,39,0
27,0,0,1.87,0.155,2,0,2,3,3,49,0
31,1,0,2.2,0.001,0,0,0,3,1,54,0
4,3,1,4.26,0.274,1,0,2,4,4,41,0
79,1,0,2.88,0.877,1,0,2,2,6,49,0
16,0,0,3.01,0.016,1,0,0,0,0,50,0
13,0,0,2.47,0.045,3,0,2,3,1,48,0
2,0,5,1.82,0.006,0,0,1,3,9,41,0
33,1,1,1.88,0.59,0,0,1,2,3,50,0
24,0,2,3.41,0.002,1,0,0,1,5,55,0
54,2,0,2.02,0.812,2,1,1,4,2,43,0
4,5,7,2.41,0.363,6,0,1,1,17,30,0
20,1,0,3.37,0.065,4,0,0,0,5,52,0
90,0,0,1.3,0.164,1,0,0,4,1,59,0
48,0,0,2.52,0.001,0,0,0,0,1,64,0
2,6,2,1.81,0.18,6,1,1,1,17,31,0
19,0,0,1.97,0.448,6,0,5,5,1,39,0
90,0,0,3.19,0.732,4,0,0,4,4,57,0
12,2,0,4.22,0.215,5,0,1,3,3,45,0
71,0,0,1.96,0.625,0,0,1,1,1,54,0
20,3,3,2.89,0.356,6,0,6,7,9,39,0
84,1,0,2.01,0.003,2,0,0,2,1,62,0
75,0,0,2.13,0.026,1,0,1,2,2,55,0
25,1,0,1.55,0.049,0,0,1,6,4,51,0
2,0,0,2.34,0.236,0,0,1,4,1,46,0
16,0,1,3.96,0.341,0,0,0,0,4,49,0
13,2,5,2.83,0.535,0,0,0,5,7,44,0
90,0,1,2.44,0.205,0,0,2,4,1,62,0
1,0,1,2.79,0.212,3,0,0,1,1,42,0
13,1,1,2.83,0.84,0,0,0,1,3,40,0
24,0,0,2.15,0.106,0,0,1,1,5,50,0
23,1,0,2.17,0.002,1,1,0,2,11,50,0
24,0,1,1.01,0.623,0,0,4,8,12,46,0
75,3,0,1.34,0.291,2,0,1,3,7,52,0
12,0,1,2.89,0.017,2,0,0,3,6,46,0
37,0,0,3.22,0.014,3,0,3,6,1,52,0
2,4,0,3.19,0.515,3,0,1,1,13,33,0
7,1,3,2.01,0.162,1,0,1,2,7,41,0
7,0,0,1.84,0.008,0,0,1,3,0,51,0
34,4,3,1.08,0.414,6,1,1,1,11,32,0
11,1,1,2.09,0.359,0,0,3,4,11,41,0
21,0,0,3.29,0.489,0,0,0,1,0,54,0
15,4,2,2.62,0.07,1,1,4,6,11,29,0
2,1,4,2.21,0.166,3,0,2,3,6,37,0
0,0,0,2.86,0.029,1,0,5,6,2,49,0
36,0,1,1.53,0.013,2,0,6,6,2,55,0
52,5,1,3.21,0.438,2,1,3,3,11,48,0
40,1,0,2.69,0.256,0,1,2,6,5,50,0
2,0,0,1.48,0.393,2,0,1,5,1,36,0
26,2,0,3.76,0.012,1,0,0,1,2,54,0
2,1,7,2.39,0.879,4,0,1,8,14,30,0
6,0,3,2.84,0.549,5,0,0,6,6,40,0
19,0,0,2.56,0.008,0,0,0,0,2,52,0
29,0,0,1.7,0.243,3,0,2,2,6,43,0
11,2,5,2.76,0.222,1,0,0,0,7,44,0
34,0,0,3.02,0.026,2,0,0,6,1,57,0
0,4,0,1.34,0.055,1,1,3,4,12,27,0
67,2,2,2.65,0.012,1,0,0,0,5,58,0
8,1,3,1.78,0.752,6,0,1,1,7,42,0
90,0,1,3.98,0.083,1,0,1,2,6,64,0
11,6,1,1.6,0.901,4,1,0,0,10,23,0
5,1,4,1.0,0.378,1,0,10,13,11,38,0
15,0,0,3.22,0.087,0,0,1,2,11,49,0
32,3,0,2.89,0.887,4,0,1,2,3,48,0
0,1,0,2.86,0.401,1,1,10,12,5,25,0
4,0,1,1.17,0.697,0,0,1,2,1,43,0
22,2,2,3.33,0.047,3,0,3,4,6,46,0
5,0,0,2.23,0.809,6,0,1,1,9,38,0
60,0,1,2.48,0.254,2,0,0,3,4,57,0
52,7,1,2.36,0.003,0,0,1,8,8,39,0
18,1,1,2.64,0.009,0,0,8,12,2,41,0
1,2,0,2.23,0.435,0,0,2,4,5,34,0
24,0,0,2.71,0.128,0,0,1,3,1,52,0
12,0,5,3.31,0.098,1,0,2,4,12,46,0
1,0,2,2.39,0.377,1,0,4,7,2,47,0
12,0,0,2.94,0.004,1,0,0,1,1,47,0
42,0,0,1.01,0.0,1,0,0,0,3,55,0
17,0,0,3.44,0.323,2,0,0,0,4,47,0
0,7,0,1.53,0.865,3,1,1,5,9,17,1
3,2,4,1.7,0.307,1,0,5,11,6,30,0
78,0,0,3.47,0.518,0,0,0,1,5,63,0
62,0,3,3.07,0.371,5,0,2,3,7,60,0
51,1,0,3.54,0.302,1,0,1,1,1,65,0
10,0,0,2.86,0.081,0,0,0,1,0,52,0
10,0,2,2.43,0.045,0,0,1,1,2,51,0
23,4,2,1.55,0.758,3,1,0,3,6,34,0
8,0,0,2.19,0.107,3,0,2,2,4,41,0
68,0,0,2.41,0.13,6,0,0,12,0,60,0
10,0,0,1.0,0.017,5,0,5,7,9,33,0
1,0,1,3.54,0.408,4,0,0,0,5,47,0
28,1,1,3.7,0.643,3,0,0,1,4,51,0
34,0,0,2.43,0.153,0,0,0,0,5,57,0
8,2,0,2.61,0.369,0,1,2,3,5,30,0
14,0,0,3.98,0.177,0,0,2,4,0,51,0
34,0,0,2.87,0.001,0,0,1,1,0,60,0
12,1,5,2.2,0.284,6,0,1,2,13,43,0
7,0,0,4.18,0.002,0,0,1,1,0,49,0
31,2,0,1.38,0.102,0,0,0,2,5,52,0
5,3,0,1.53,0.615,2,1,0,0,9,35,0
0,1,7,2.32,0.194,0,0,0,1,14,39,0
72,0,0,3.9,0.083,4,0,0,0,0,65,0
5,0,0,2.8,0.247,0,0,0,2,0,40,0
34,1,4,2.88,0.52,2,0,1,3,9,55,0
1,0,0,1.49,0.265,1,0,3,3,1,40,0
13,2,1,1.87,0.346,0,0,0,0,10,45,0
1,0,0,2.58,0.146,2,0,3,4,0,39,0
3,0,0,2.97,0.305,5,0,0,1,0,38,0
19,0,1,2.28,0.841,2,0,1,1,5,43,0
71,0,0,2.09,0.384,1,0,1,1,0,61,0
43,0,0,2.2,0.563,1,0,4,6,0,54,0
0,0,5,2.04,0.142,6,0,1,1,11,37,0
54,0,0,2.5,0.142,0,0,3,4,4,56,0
7,0,0,1.71,0.209,1,0,3,3,4,41,0
7,5,0,2.29,0.055,0,0,5,7,5,31,0
81,1,2,2.41,0.104,3,0,1,2,8,62,0
1,1,0,2.12,0.425,3,1,0,4,6,31,0
1,2,2,2.8,0.954,1,0,0,0,14,39,0
25,1,0,2.06,0.918,2,0,0,3,2,42,0
2,2,0,1.86,0.753,0,0,6,7,2,27,0
50,0,7,1.05,0.016,1,0,0,1,8,63,0
19,0,0,3.09,0.786,0,0,0,0,0,47,0
39,0,0,2.16,0.24,1,0,0,0,3,56,0
15,4,3,2.13,0.231,2,1,1,1,8,39,0
58,1,0,2.15,0.399,0,1,0,0,2,47,0
17,0,0,2.01,0.068,1,0,1,1,1,45,0
0,1,1,2.55,0.21,0,0,11,13,8,33,0
0,3,4,2.68,0.103,6,0,3,3,9,35,0
22,2,0,2.37,0.415,2,1,0,2,2,50,0
82,0,0,3.77,0.052,1,0,0,4,0,57,0
87,1,0,1.74,0.309,0,0,0,2,1,56,0
26,0,1,2.45,0.291,5,0,2,2,4,48,0
31,0,0,3.82,0.167,0,0,1,2,4,62,0
44,4,2,1.0,0.077,0,0,3,6,6,53,0
9,0,0,1.89,0.286,6,0,2,5,13,41,0
43,0,1,1.54,0.143,6,0,3,3,2,47,0
68,0,0,3.78,0.464,2,0,7,7,2,56,0
16,3,2,2.82,0.063,2,0,2,6,10,41,0
6,0,0,2.75,0.008,3,0,0,1,0,50,0
54,1,0,2.65,0.031,3,0,1,1,2,62,0
81,0,0,2.69,0.775,2,0,0,1,3,58,0
15,0,1,1.41,0.338,0,0,2,2,1,39,0
30,1,0,3.82,0.004,0,0,0,0,1,55,0
78,0,0,2.38,0.337,3,0,0,2,0,56,0
5,1,0,1.76,0.621,1,0,1,1,4,37,0
84,0,1,4.04,0.701,0,0,2,2,1,57,0
38,7,2,1.58,0.313,0,1,1,1,10,39,0
24,1,1,2.61,0.238,1,0,8,9,2,43,0
6,0,4,3.35,0.1,0,0,0,0,4,53,0
17,0,0,3.26,0.029,0,0,0,0,4,55,0
8,0,2,2.7,0.06,0,0,5,5,2,48,0
55,0,1,1.8,0.866,6,0,5,5,14,53,0
8,1,4,1.9,0.638,1,0,0,1,13,51,0
44,0,0,2.42,0.057,0,0,0,0,0,59,0
50,2,0,1.61,0.093,6,1,1,3,7,47,0
4,2,0,2.32,0.113,0,0,0,8,2,39,0
12,0,2,2.02,0.001,0,0,3,5,8,46,0
28,0,0,1.76,0.469,0,0,0,1,0,55,0
12,0,0,3.0,0.537,2,0,1,4,2,43,0
10,0,0,2.0,0.036,2,0,0,0,6,43,0
8,1,2,2.26,0.982,0,0,2,5,3,32,0
27,0,0,3.81,0.025,0,0,0,0,0,61,0
44,1,1,2.61,0.244,3,0,0,1,6,54,0
31,4,0,2.63,0.334,3,0,0,2,9,44,0
44,2,2,1.14,0.291,0,0,0,0,5,53,0
26,1,0,2.26,0.093,6,0,4,5,1,42,0
19,0,0,2.31,0.245,1,0,3,3,4,57,0
9,7,3,2.34,0.625,6,0,2,5,17,27,0
90,0,0,2.6,0.007,0,0,0,2,1,65,0
1,1,1,2.17,0.319,2,0,9,10,3,33,0
23,0,0,2.32,0.65,4,0,3,4,3,41,0
40,0,0,2.23,0.056,0,0,0,0,1,60,0
9,0,0,2.8,0.022,0,0,1,6,0,48,0
63,0,0,3.01,0.019,0,0,0,2,0,65,0
1,0,0,2.36,0.006,0,0,1,3,3,46,0
2,1,1,3.62,0.089,2,0,5,5,2,47,0
2,0,0,3.13,0.602,4,0,0,2,4,41,0
0,1,3,1.0,0.119,4,0,1,2,7,38,0
2,3,1,2.27,0.321,0,1,5,5,11,33,0
16,0,0,2.51,0.807,2,0,8,8,5,39,0
15,3,3,1.27,0.234,1,0,1,5,14,37,0
21,0,3,3.39,0.475,3,0,0,3,8,49,0
50,0,4,1.3,0.346,2,0,1,1,7,53,0
53,0,3,3.05,0.632,0,0,0,3,6,60,0
68,0,0,1.87,0.022,0,0,1,1,0,62,0
11,0,0,4.68,0.017,0,0,0,1,0,47,0
48,0,0,3.17,0.091,0,0,3,9,6,65,0
5,0,2,2.93,0.813,0,0,1,2,6,39,0
0,4,0,2.58,0.122,4,1,0,1,4,30,0
4,0,7,1.91,0.772,0,0,2,4,7,43,0
50,2,1,2.76,0.811,4,0,2,2,8,55,0
88,2,3,3.81,0.617,0,0,4,4,8,55,0
3,0,0,2.36,0.169,0,0,0,1,1,43,0
39,0,1,1.0,0.109,3,0,3,4,3,54,0
7,6,3,1.98,0.367,2,1,0,0,11,27,0
7,1,0,1.0,0.313,0,1,1,2,5,37,0
18,1,2,2.01,0.539,1,0,7,10,3,40,0
10,1,2,2.73,0.29,5,0,4,7,7,43,0
5,0,0,2.72,0.002,1,0,0,0,1,40,0
2,7,0,2.59,0.612,0,0,6,7,16,25,0
43,1,3,2.04,0.668,0,0,1,5,14,60,0
21,0,0,2.17,0.03,0,0,0,0,0,46,0
51,0,1,3.24,0.956,0,0,1,2,4,58,0
22,0,0,2.9,0.311,0,0,2,2,0,47,0
53,0,0,3.37,0.01,2,0,1,1,4,62,0
17,7,5,2.63,0.412,3,1,0,1,19,34,0
90,4,0,2.33,0.478,0,1,3,4,9,49,0
3,0,0,1.51,0.294,0,0,14,16,5,34,0
4,1,0,2.36,0.43,6,0,2,3,5,32,0
3,5,7,3.79,0.966,6,0,5,5,22,29,0
1,5,2,1.39,0.921,6,0,6,7,9,22,0
20,2,3,2.03,0.402,0,0,5,8,5,43,0
72,7,0,1.98,0.683,0,1,0,7,9,31,0
1,0,3,2.56,0.657,0,0,0,1,6,42,0
6,1,6,3.54,0.558,1,0,6,6,12,36,0
6,0,4,3.28,0.283,0,0,0,3,6,40,0
9,7,0,1.74,0.205,4,1,8,8,13,19,1
45,0,1,3.11,0.472,0,0,0,3,4,63,0
19,3,2,1.07,0.779,0,0,0,9,11,39,0
4,0,0,2.88,0.459,0,0,0,2,5,42,0
3,3,1,1.52,0.254,5,0,2,2,4,29,0
0,0,0,1.63,0.733,1,0,5,13,8,38,0
5,1,1,1.8,0.046,0,0,6,6,4,42,0
10,0,0,1.56,0.069,0,0,0,7,0,47,0
5,0,4,2.46,0.391,3,0,0,1,10,40,0
14,2,4,1.03,0.861,6,0,9,11,6,32,0
3,2,0,2.56,0.371,5,0,1,2,4,40,0
90,2,0,2.48,0.612,1,0,1,3,3,59,0
18,4,1,2.91,0.052,1,1,1,4,11,40,0
15,2,0,2.85,0.032,6,0,0,1,4,43,0
18,0,0,1.0,0.637,0,0,3,3,4,42,0
1,0,1,2.84,0.424,1,0,0,1,3,39,0
20,0,0,2.39,0.0,2,0,0,0,1,55,0
27,0,0,2.42,0.076,3,0,0,0,3,52,0
13,7,3,1.0,0.261,0,0,12,19,16,31,0
0,2,1,1.0,0.69,0,0,2,6,6,29,0
30,0,1,2.62,0.224,3,0,3,5,3,48,0
8,1,4,2.92,0.673,1,0,1,2,7,42,0
15,3,0,1.0,0.376,2,1,1,5,5,36,0
2,0,0,1.58,0.116,2,0,4,4,0,35,0
13,1,3,1.56,0.037,0,0,1,1,4,49,0
40,0,1,2.43,0.046,0,0,3,9,7,61,0
20,0,2,3.24,0.45,0,0,1,2,2,50,0
67,0,0,3.28,0.049,1,0,0,1,0,58,0
64,2,1,1.88,0.666,3,0,0,0,8,55,0
9,0,0,1.59,0.001,2,0,0,3,0,46,0
63,4,0,3.16,0.536,6,0,1,1,8,45,0
36,0,0,3.46,0.179,1,0,3,3,1,46,0
17,1,1,2.35,0.026,3,0,0,6,6,53,0
90,0,0,2.18,0.159,0,0,2,5,2,56,0
12,0,3,2.09,0.266,0,0,5,5,3,37,0
2,0,0,2.13,0.21,1,0,0,1,3,39,0
20,0,0,2.27,0.478,0,0,0,1,0,41,0
58,0,0,2.76,0.864,0,0,0,0,2,55,0
29,6,2,2.74,0.244,1,1,0,1,10,29,0
6,5,7,3.43,0.157,0,0,5,10,21,32,0
90,0,3,1.0,0.121,1,0,10,10,3,51,0
52,0,3,2.02,0.253,4,0,1,1,7,56,0
90,0,0,2.98,0.552,0,0,0,0,3,64,0
7,5,0,3.72,0.374,1,0,1,1,9,43,0
4,1,6,1.6,0.029,0,0,5,5,7,40,0
1,0,5,2.9,0.314,0,0,2,5,8,37,0
29,0,0,2.26,0.083,0,0,0,0,0,56,0
27,0,0,2.02,0.489,2,0,0,4,0,50,0
7,0,5,1.84,0.004,2,0,4,8,5,40,0
29,1,0,2.87,0.819,0,1,0,3,1,39,0
12,4,1,2.0,0.703,3,0,1,2,14,33,0
61,0,0,2.82,0.353,0,0,0,1,1,58,0
45,2,0,1.84,0.92,0,0,5,5,4,54,0
44,0,0,2.41,0.019,0,0,0,1,0,65,0
41,1,5,1.46,0.024,4,0,1,4,8,55,0
51,4,7,2.89,0.245,1,0,0,0,12,60,0
6,0,1,2.26,0.03,1,0,0,2,1,47,0
34,0,0,1.66,0.392,1,0,3,4,3,55,0
17,7,1,2.34,0.371,0,1,0,0,12,29,0
17,0,3,2.39,0.321,5,0,5,6,3,43,0
14,0,3,2.68,0.239,3,0,4,14,12,47,0
0,0,0,1.23,0.977,0,0,9,11,10,26,0
47,0,3,1.8,0.001,0,0,1,4,8,63,0
1,3,7,2.19,0.886,6,0,11,11,17,22,0
27,0,0,1.72,0.088,1,0,0,0,0,50,0
39,7,5,1.44,0.064,2,0,4,4,15,41,0
7,0,0,2.11,0.019,0,0,0,4,3,49,0
22,0,4,2.89,0.164,4,0,8,8,6,48,0
14,1,1,1.17,0.087,4,0,5,5,10,34,0
17,0,2,1.89,0.048,3,0,1,2,5,50,0
42,1,2,3.48,0.453,0,0,1,1,4,50,0
36,1,1,3.8,0.192,2,0,1,4,2,59,0
21,2,1,1.58,0.187,3,1,3,7,11,38,0
2,7,0,1.98,0.014,2,1,1,1,13,26,0
21,0,0,2.82,0.224,0,0,0,6,1,47,0
24,0,2,2.03,0.054,0,0,0,2,2,54,0
20,1,1,2.67,0.135,1,0,1,2,2,42,0
13,0,1,2.32,0.553,3,0,0,1,2,45,0
9,0,0,2.32,0.812,0,0,0,2,2,47,0
37,0,0,2.44,0.954,1,0,0,4,0,52,0
1,0,2,1.72,0.985,1,0,5,5,2,27,0
29,1,1,2.85,0.556,0,0,1,1,4,55,0
39,0,0,3.43,0.002,0,0,0,1,0,65,0
8,2,0,2.44,0.863,4,0,0,3,8,37,0
11,0,0,2.64,0.0,4,0,1,1,2,49,0
29,0,0,2.53,0.003,0,0,0,1,0,62,0
42,0,0,2.35,0.058,0,0,0,0,7,57,0
20,0,0,2.2,0.194,2,0,1,1,6,46,0
90,1,0,2.69,0.491,2,0,10,10,5,52,0
27,1,4,1.44,0.502,1,0,0,0,10,50,0
19,0,0,2.56,0.0,0,0,0,1,0,52,0
29,7,0,2.74,0.582,6,1,5,9,14,33,0
90,4,0,3.83,0.077,2,0,3,8,8,51,0
32,0,0,3.23,0.133,2,0,0,2,2,57,0
82,1,7,1.79,0.001,0,0,0,2,13,53,0
2,4,7,1.0,0.257,4,0,7,10,21,27,0
16,0,0,1.34,0.092,0,0,2,4,0,43,0
3,5,2,1.86,0.081,4,0,1,1,9,32,0
5,0,0,3.09,0.82,3,0,5,7,0,38,0
11,1,3,1.0,0.441,0,0,0,2,9,44,0
16,0,1,1.47,0.157,5,0,1,2,1,47,0
10,0,1,2.8,0.169,4,0,3,4,5,46,0
1,0,1,3.01,0.435,2,0,0,0,7,40,0
4,2,4,3.26,0.407,6,0,0,0,11,39,0
69,0,0,2.75,0.576,3,0,0,1,1,60,0
14,4,3,1.0,0.375,0,0,2,2,10,34,0
6,0,0,4.23,0.314,1,0,0,0,0,51,0
13,0,2,3.3,0.032,0,0,0,3,2,54,0
55,0,0,3.31,0.21,0,0,0,4,4,67,0
1,2,2,2.15,0.739,0,0,4,4,11,39,0
18,0,0,3.73,0.712,0,0,0,3,3,52,0
26,0,0,2.24,0.081,2,0,0,0,2,46,0
43,0,0,3.22,0.775,0,0,0,3,7,56,0
13,0,1,3.08,0.785,0,0,2,3,9,42,0
11,0,6,3.18,0.01,0,0,0,0,7,51,0
52,0,0,3.81,0.003,0,0,3,4,3,63,0
35,0,0,2.73,0.161,1,0,1,2,0,53,0
32,0,0,3.21,0.193,1,0,0,0,4,59,0
17,7,0,2.49,0.287,2,1,0,12,13,26,0
37,2,4,2.74,0.416,3,0,0,3,7,50,0
9,0,0,2.14,0.001,0,0,0,0,0,47,0
0,0,1,2.47,0.129,3,0,0,5,6,34,0
66,1,0,2.53,0.859,0,1,0,0,3,50,0
5,1,5,1.0,0.616,6,0,1,1,14,34,0
0,6,2,1.9,0.642,4,1,0,0,14,27,0
34,2,1,1.55,0.293,6,0,2,3,5,44,0
16,1,6,3.11,0.306,3,0,0,6,11,45,0
67,1,2,2.59,0.131,1,0,5,5,3,48,0
74,0,0,3.6,0.289,0,0,0,0,0,59,0
0,1,4,2.9,0.752,3,0,2,5,5,32,0
26,0,1,2.21,0.043,2,0,0,0,4,52,0
24,1,2,1.56,0.792,2,0,1,8,3,38,0
32,2,3,1.58,0.005,1,0,3,3,8,52,0
10,0,2,1.72,0.403,0,0,4,4,6,33,0
0,2,5,1.25,0.333,1,0,3,3,7,27,0
13,0,0,3.93,0.848,2,0,0,0,6,49,0
81,0,0,1.8,0.73,3,0,3,5,5,58,0
21,0,0,2.46,0.385,1,0,0,5,1,51,0
9,3,0,2.41,0.394,4,1,3,3,4,36,0
12,0,1,2.92,0.013,3,0,3,5,3,46,0
85,0,0,2.78,0.505,0,0,0,0,5,60,0
27,2,1,2.89,0.745,6,1,9,10,9,37,0
0,0,0,2.7,0.539,0,0,1,1,6,44,0
15,0,0,1.78,0.582,0,0,0,0,3,42,0
83,2,5,2.71,0.189,5,0,6,7,10,46,0
11,0,0,2.27,0.755,4,0,0,0,1,41,0
32,0,1,2.84,0.124,0,0,0,2,2,58,0
12,2,2,1.49,0.215,5,0,3,5,6,41,0
5,5,3,1.87,0.505,1,1,8,8,12,27,0
84,0,0,2.61,0.476,2,0,0,0,4,50,0
42,2,0,2.45,0.802,2,0,2,2,2,51,0
90,0,0,2.58,0.146,0,0,0,0,1,66,0
82,2,2,1.01,0.857,0,0,7,12,8,44,0
14,4,0,1.96,0.577,0,0,0,4,6,37,0
19,1,0,2.2,0.089,4,0,0,0,6,47,0
1,1,4,2.23,0.707,3,0,2,4,5,34,0
63,0,0,2.86,0.442,0,0,0,1,0,58,0
1,0,0,2.19,0.008,0,0,3,3,3,44,0
15,7,1,2.89,0.562,6,0,9,10,10,21,1
0,0,0,2.91,0.304,0,0,1,5,6,46,0
0,0,0,2.05,0.26,1,0,1,2,3,31,0
0,6,7,1.43,0.074,0,0,2,6,28,28,0
10,3,0,2.33,0.097,0,0,8,11,11,37,0
46,2,0,2.38,0.301,5,1,3,4,8,42,0
3,7,0,1.55,0.042,2,1,5,7,16,23,0
2,4,2,1.18,0.496,1,0,0,1,8,31,0
20,0,0,3.04,0.353,0,0,1,4,2,44,0
38,7,2,2.28,0.738,0,0,1,3,10,42,0
8,1,2,1.07,0.159,4,0,3,3,6,39,0
5,1,0,1.47,0.076,2,0,2,3,8,39,0
9,1,1,1.65,0.404,0,0,0,3,3,44,0
13,7,1,2.23,0.794,0,1,0,1,8,30,0
34,0,1,2.45,0.922,2,0,1,3,7,42,0
54,2,1,1.72,0.549,1,1,4,4,6,46,0
1,7,1,1.0,0.049,2,1,3,3,14,27,0
4,0,1,2.47,0.005,3,0,4,7,6,49,0
11,2,4,2.05,0.324,0,0,0,0,7,40,0
5,1,0,3.04,0.133,6,0,2,2,2,33,0
53,0,0,1.96,0.115,3,0,0,3,0,61,0
90,0,0,3.61,0.378,0,0,0,1,0,63,0
61,5,1,3.49,0.053,0,1,1,1,13,51,0
6,0,0,2.47,0.02,1,0,0,0,0,46,0
22,2,0,2.19,0.73,3,0,3,3,7,40,0
30,0,1,2.99,0.007,2,0,1,2,7,62,0
1,4,0,2.17,0.973,5,0,0,7,7,24,0
54,0,0,3.24,0.348,2,0,0,0,0,54,0
7,0,0,2.33,0.024,2,0,2,3,2,48,0
17,0,3,2.62,0.062,0,0,0,0,7,51,0
57,0,0,2.62,0.002,0,0,1,1,1,67,0
11,0,0,2.81,0.529,1,0,1,2,3,42,0
90,0,0,3.55,0.022,0,0,1,2,10,61,0
90,4,0,2.22,0.05,1,1,0,3,4,51,0
4,1,2,1.69,0.153,2,0,0,2,12,38,0
0,1,5,2.76,0.206,6,0,5,6,6,35,0
47,7,1,3.76,0.431,3,1,0,2,11,43,0
60,1,1,3.04,0.228,2,0,4,4,4,54,0
48,2,1,2.18,0.078,1,1,0,1,3,51,0
14,2,0,2.37,0.093,5,0,0,0,9,37,0
25,2,2,2.85,0.732,6,0,7,7,6,34,0
8,0,0,1.53,0.093,2,0,0,2,1,43,0
70,0,0,2.98,0.175,0,0,6,7,5,63,0
0,0,1,1.88,0.719,1,0,3,5,1,36,0
2,0,0,2.75,0.026,0,0,0,0,4,44,0
1,1,0,2.92,0.159,4,0,3,3,2,33,0
57,0,1,2.99,0.18,0,0,0,0,3,66,0
90,3,0,2.07,0.045,3,1,6,9,5,41,0
11,1,0,1.91,0.582,0,1,14,15,4,25,0
43,0,0,2.24,0.518,0,0,0,1,0,55,0
3,0,0,2.05,0.71,6,0,2,4,5,34,0
13,0,0,2.58,0.238,0,0,1,6,2,53,0
4,0,1,2.08,0.605,1,0,2,2,2,38,0
4,1,7,2.16,0.602,0,0,1,1,14,36,0
22,0,4,2.73,0.806,2,0,0,0,7,46,0
38,0,0,2.9,0.238,0,0,2,2,0,55,0
65,0,4,1.66,0.464,0,0,1,2,8,54,0
15,1,0,1.39,0.144,0,0,3,6,5,45,0
21,0,0,2.06,0.637,5,0,1,1,3,44,0
17,0,1,2.83,0.225,3,0,0,0,1,48,0
17,0,7,3.76,0.558,4,0,0,2,7,46,0
20,0,0,2.72,0.0,0,0,0,0,4,46,0
12,0,0,2.29,0.026,1,0,0,0,1,48,0
20,2,0,3.03,0.449,0,0,0,0,3,53,0
13,3,1,1.0,0.195,1,1,7,7,4,23,0
38,1,0,3.13,0.063,1,1,0,0,3,56,0
11,0,1,2.02,0.048,0,0,2,2,5,48,0
26,1,0,2.4,0.268,2,0,1,2,3,38,0
1,0,0,3.23,0.195,0,0,0,1,2,47,0
55,1,0,3.63,0.274,0,1,0,0,2,61,0
17,0,0,2.93,0.094,2,0,1,1,3,56,0
13,1,1,1.74,0.397,4,0,11,11,4,36,0
34,1,0,1.51,0.123,0,1,2,2,3,44,0
40,0,1,3.03,0.016,0,0,1,9,1,65,0
90,0,2,1.43,0.671,5,0,1,1,14,57,0
20,0,0,3.27,0.176,0,0,0,3,4,52,0
0,1,4,1.17,0.072,0,0,3,4,5,34,0
25,0,0,2.02,0.607,6,0,2,3,3,46,0
10,0,4,2.42,0.076,0,0,1,1,4,48,0
28,0,0,2.74,0.112,1,0,0,2,5,58,0
7,2,0,2.95,0.723,2,0,1,3,8,40,0
4,3,1,1.9,0.596,2,1,0,4,14,28,0
17,2,4,2.79,0.901,0,0,1,2,8,47,0
73,0,0,4.1,0.126,0,0,2,3,0,62,0
7,2,0,2.05,0.391,2,1,6,6,11,28,0
14,0,0,2.16,0.251,0,0,0,0,0,44,0
5,0,0,2.17,0.391,1,0,3,4,4,41,0
10,4,1,2.84,0.321,6,0,1,1,10,41,0
43,0,0,2.06,0.015,0,0,2,8,0,57,0
7,0,1,3.07,0.131,0,0,0,3,2,52,0
4,0,0,3.25,0.185,0,0,0,1,1,44,0
36,1,0,1.85,0.363,0,0,2,4,1,55,0
28,3,5,3.28,0.43,1,0,1,1,9,52,0
7,2,0,2.57,0.487,0,1,0,1,2,34,0
24,0,0,2.97,0.081,0,0,0,2,0,55,0
90,2,0,1.83,0.16,5,0,1,1,5,59,0
0,0,0,1.85,0.244,1,0,0,1,0,42,0
73,0,0,2.7,0.005,0,0,0,3,1,61,0
30,0,0,1.85,0.01,0,0,0,3,2,54,0
0,1,0,2.15,0.942,3,0,5,5,7,31,0
17,0,0,1.72,0.316,1,0,1,4,0,51,0
1,5,5,1.29,0.008,2,0,3,3,12,25,0
15,0,0,2.29,0.202,0,0,0,3,2,53,0
4,1,1,1.24,0.362,5,0,0,0,14,34,0
5,0,1,1.43,0.345,0,0,1,3,8,38,0
10,0,0,1.86,0.244,0,0,3,6,0,41,0
76,0,2,2.72,0.011,0,0,2,2,2,58,0
29,2,1,2.6,0.105,2,1,1,2,3,47,0
40,1,2,3.22,0.341,1,0,1,2,9,58,0
11,3,0,2.75,0.692,6,0,2,2,4,31,0
49,0,2,2.69,0.153,5,0,4,7,9,57,0
19,1,0,2.29,0.867,6,1,2,2,3,29,0
90,0,0,2.74,0.0,0,0,0,1,0,65,0
10,1,0,1.88,0.211,0,0,4,4,4,44,0
0,0,2,2.6,0.899,0,0,4,5,6,31,0
33,7,0,2.67,0.716,1,0,10,11,8,36,0
1,0,0,2.16,0.004,0,0,0,2,4,44,0
6,0,6,1.27,0.132,2,0,1,2,15,38,0
11,1,0,3.06,0.311,0,1,0,0,2,37,0
50,0,0,1.91,0.0,1,0,0,1,1,56,0
1,1,0,2.89,0.102,1,1,1,2,1,35,0
0,0,0,1.72,0.425,2,0,0,2,2,41,0
1,5,2,1.85,0.066,2,0,2,2,9,31,0
8,5,0,2.0,0.006,3,1,0,0,5,29,0
48,0,0,3.55,0.005,3,0,2,2,1,65,0
17,1,0,2.06,0.826,2,1,2,2,4,33,0
9,4,0,2.81,0.309,2,0,10,10,9,32,0
4,1,0,3.03,0.226,6,1,0,2,5,34,0
3,0,3,2.75,0.287,1,0,3,3,8,44,0
15,0,0,2.33,0.148,0,0,5,7,2,43,0
12,0,0,1.96,0.1,0,0,1,1,0,51,0
11,1,1,1.96,0.332,0,0,0,1,2,54,0
76,1,0,3.18,0.18,1,1,3,4,5,51,0
0,2,2,2.14,0.03,0,0,1,1,4,41,0
5,0,0,3.78,0.105,0,0,3,3,2,46,0
32,3,2,2.15,0.444,6,0,2,4,12,49,0
0,0,1,1.34,0.165,1,0,2,4,2,37,0
3,7,7,1.15,0.167,0,0,12,13,18,25,0
27,1,0,1.57,0.287,1,0,2,3,5,52,0
16,5,0,2.38,0.017,0,0,1,2,11,41,0
15,0,0,3.22,0.679,1,0,0,1,1,44,0
36,7,1,1.0,0.518,0,1,4,7,12,24,0
71,0,3,1.24,0.008,0,0,1,2,3,59,0
24,0,0,4.35,0.132,0,0,0,0,0,58,0
3,0,0,4.27,0.484,0,0,3,4,6,43,0
68,1,0,4.08,0.807,0,0,0,1,2,65,0
18,2,1,2.33,0.038,3,0,0,0,3,47,0
88,0,2,2.56,0.002,2,0,4,4,9,58,0
90,0,0,2.74,0.334,0,0,3,3,2,55,0
11,2,0,1.95,0.015,3,0,0,4,3,37,0
36,0,2,2.88,0.669,1,0,1,1,2,58,0
24,1,3,1.03,0.742,1,0,3,3,9,46,0
24,4,4,1.67,0.907,2,0,2,2,11,40,0
21,0,0,2.51,0.198,0,0,3,4,3,52,0
30,0,1,1.44,0.586,5,0,5,8,2,51,0
90,3,0,2.43,0.019,2,1,0,0,6,53,0
20,3,6,1.69,0.865,6,0,0,4,9,35,0
27,3,1,1.81,0.679,2,0,0,0,4,47,0
45,0,2,1.79,0.049,6,0,0,0,4,52,0
4,0,2,1.38,0.06,1,0,1,1,2,41,0
14,0,4,2.32,0.288,6,0,0,8,8,41,0
17,2,0,2.02,0.086,1,1,2,8,9,41,0
7,0,1,2.06,0.365,0,0,0,2,10,46,0
27,1,2,2.63,0.283,3,0,5,14,10,47,0
6,0,0,4.05,0.661,1,0,0,0,0,41,0
3,0,4,2.36,0.121,0,0,4,7,9,46,0
6,2,2,2.08,0.421,1,0,10,19,12,29,0
19,0,0,2.17,0.452,0,0,0,0,0,50,0
0,6,0,2.6,0.363,0,0,3,3,12,26,0
19,3,1,1.52,0.618,6,1,2,2,10,38,0
55,0,0,3.05,0.847,0,0,0,1,1,64,0
0,0,5,2.67,0.867,6,0,11,13,8,27,0
12,3,1,3.44,0.365,1,0,0,3,6,42,0
64,0,0,2.86,0.147,2,0,0,0,0,62,0
6,1,1,2.83,0.727,0,0,1,5,7,39,0
0,3,7,1.35,0.24,2,0,12,12,20,25,0
29,1,0,2.19,0.895,6,0,2,2,3,35,0
23,0,1,1.53,0.975,2,0,3,4,1,38,0
11,1,0,1.52,0.115,0,0,2,5,7,46,0
1,1,0,2.68,0.798,1,1,3,3,6,31,0
22,0,1,1.19,0.995,5,0,1,1,5,36,0
42,1,0,2.32,0.079,2,1,0,0,1,50,0
25,2,2,1.5,0.702,2,0,1,5,9,48,0
24,0,2,1.94,0.03,0,0,0,0,4,49,0
30,5,0,3.12,0.816,0,0,0,7,11,41,0
0,0,1,3.59,0.495,0,0,1,3,1,41,0
12,0,3,1.55,0.915,2,0,2,5,7,47,0
0,2,1,2.37,0.014,6,1,0,1,5,36,0
33,0,0,3.91,0.648,0,0,0,1,0,59,0
16,2,3,1.32,0.455,5,0,7,7,5,35,0
17,2,0,2.6,0.894,6,0,0,7,6,38,0
4,0,0,2.31,0.13,0,0,2,3,4,41,0
2,0,0,3.48,0.268,0,0,2,4,0,47,0
4,2,0,1.25,0.508,0,1,1,1,4,31,0
1,0,0,2.15,0.527,1,0,1,1,4,38,0
17,0,3,2.24,0.523,0,0,1,1,4,39,0
38,0,1,2.36,0.386,1,0,3,3,1,53,0
36,2,0,1.15,0.257,3,0,2,4,4,47,0
19,2,0,2.6,0.017,0,0,1,2,3,47,0
34,0,0,3.16,0.018,2,0,0,2,4,56,0
83,1,1,2.57,0.868,1,0,5,5,3,50,0
18,6,0,2.31,0.716,1,0,7,10,12,31,0
15,0,2,1.91,0.345,0,0,8,8,10,39,0
23,0,0,2.97,0.311,1,0,0,0,0,50,0
8,0,1,1.0,0.224,2,0,0,0,5,39,0
12,0,0,2.96,0.018,0,0,0,4,0,54,0
11,0,0,1.78,0.132,4,0,0,4,0,43,0
90,1,1,3.73,0.497,0,0,2,4,3,60,0
36,0,2,2.57,0.973,0,0,5,5,2,45,0
3,7,0,1.26,0.069,3,1,0,1,13,25,0
1,0,1,2.6,0.93,2,0,4,4,7,43,0
9,0,0,2.77,0.009,2,0,0,2,0,51,0
27,0,5,2.67,0.078,6,0,0,0,11,52,0
3,1,0,1.94,0.36,6,0,2,3,3,34,0
77,1,0,3.24,0.127,1,0,3,7,4,51,0
40,1,0,2.7,0.414,1,0,0,7,1,51,0
10,1,3,2.5,0.103,0,0,0,0,5,42,0
8,1,0,2.64,0.175,6,1,0,3,1,41,0
27,0,0,1.52,0.548,3,0,3,3,5,48,0
90,0,1,2.62,0.182,0,0,0,3,5,61,0
1,0,0,3.29,0.031,0,0,1,7,0,43,0
20,1,1,2.69,0.255,0,0,11,11,2,45,0
64,6,0,2.77,0.341,3,1,1,1,8,41,0
10,0,0,2.46,0.277,4,0,0,0,8,51,0
80,3,1,2.16,0.002,0,0,0,0,4,51,0
15,7,0,2.23,0.213,6,1,16,18,16,17,1
38,2,0,2.74,0.884,6,0,0,1,10,46,0
5,0,1,2.87,0.867,3,0,0,2,5,49,0
10,0,0,1.9,0.209,0,0,1,1,0,39,0
17,0,0,2.42,0.084,1,0,0,0,2,47,0
0,0,0,4.38,0.005,0,0,0,2,1,46,0
60,0,0,3.63,0.464,2,0,4,4,0,60,0
16,2,0,2.7,0.442,2,0,0,3,2,45,0
61,2,0,2.98,0.073,1,1,2,3,2,55,0
5,0,0,1.73,0.967,0,0,3,7,3,36,0
36,5,0,1.0,0.042,4,0,0,3,5,40,0
40,1,0,2.6,0.356,1,1,5,5,8,47,0
90,0,0,3.42,0.002,1,0,0,1,0,67,0
15,7,7,1.48,0.655,6,0,1,6,17,25,0
39,0,5,2.68,0.315,4,0,4,5,9,58,0
61,2,0,4.01,0.593,0,0,1,1,4,58,0
10,0,6,2.22,0.47,1,0,1,10,7,44,0
1,0,6,1.86,0.575,4,0,4,17,9,39,0
10,2,0,2.89,0.0,0,0,2,3,8,39,0
59,0,4,2.47,0.025,3,0,1,2,8,56,0
70,2,2,2.38,0.003,2,0,3,3,9,55,0
1,0,0,2.08,0.02,5,0,4,6,6,32,0
27,1,1,3.44,0.046,5,0,0,4,2,56,0
27,0,0,3.39,0.0,1,0,0,3,1,54,0
23,0,3,2.07,0.138,4,0,1,1,6,47,0
71,5,7,2.86,0.102,2,0,5,7,18,47,0
2,3,2,2.66,0.355,0,0,8,8,7,30,0
1,1,0,2.42,0.11,0,0,3,3,4,34,0
7,0,6,1.0,0.514,4,0,2,6,10,46,0
86,7,2,1.16,0.508,2,1,1,1,13,38,0
13,1,3,1.35,0.223,3,0,8,8,9,34,0
1,0,3,1.0,0.159,1,0,5,8,10,35,0
1,1,0,2.83,0.352,0,0,0,0,1,37,0
8,1,7,1.96,0.314,2,0,10,15,17,34,0
1,1,2,1.98,0.197,2,0,10,11,13,33,0
1,5,2,2.18,0.154,6,0,1,3,10,38,0
11,6,0,2.12,0.585,3,1,12,13,8,27,0
53,1,1,3.02,0.537,6,0,1,3,8,56,0
10,0,0,3.65,0.127,0,0,1,1,2,46,0
3,0,0,3.03,0.283,1,0,0,1,2,50,0
9,4,1,2.77,0.216,2,0,0,0,10,33,0
41,0,0,2.6,0.031,0,0,1,3,0,60,0
1,2,1,2.4,0.015,4,0,16,16,11,38,0
90,0,1,2.4,0.002,6,0,0,0,2,57,0
11,1,0,1.61,0.123,5,0,0,0,6,42,0
1,3,7,3.99,0.032,0,0,6,6,13,39,0
2,7,7,1.63,0.383,3,0,2,3,20,29,0
1,0,5,1.79,0.705,1,0,1,1,10,43,0
49,1,2,1.02,0.361,1,0,1,1,7,51,0
14,0,0,2.65,0.65,2,0,0,0,0,45,0
3,0,0,3.64,0.796,0,0,0,4,0,45,0
7,0,0,1.73,0.601,6,0,0,0,0,43,0
77,7,3,1.71,0.071,4,1,5,8,11,41,0
2,2,0,2.28,0.272,0,1,2,2,4,24,0
23,2,1,2.92,0.477,0,1,5,6,6,42,0
5,4,0,1.82,0.303,4,0,2,4,4,26,0
7,0,0,2.99,0.299,0,0,0,1,0,42,0
8,7,2,1.68,0.692,6,1,6,6,17,21,1
11,2,3,1.48,0.213,6,0,6,9,15,30,0
72,0,0,3.39,0.368,3,0,1,7,1,60,0
33,0,0,1.96,0.374,0,0,0,3,0,58,0
18,1,0,2.79,0.004,4,0,0,1,1,51,0
5,2,1,2.75,0.449,0,0,10,10,6,37,0
26,0,3,2.13,0.006,3,0,1,1,8,57,0
20,0,0,4.88,0.025,1,0,0,2,0,54,0
50,0,4,1.82,0.018,0,0,0,3,5,63,0
8,5,1,1.3,0.447,1,0,0,0,11,29,0
43,0,0,2.3,0.578,1,0,0,0,0,62,0
21,1,0,3.66,0.292,0,1,0,3,3,54,0
24,1,4,1.0,0.289,2,0,3,6,6,45,0
90,0,0,2.86,0.121,1,0,0,0,0,60,0
26,0,2,3.73,0.005,2,0,0,0,2,55,0
21,0,1,2.23,0.422,0,0,1,4,5,47,0
1,2,0,1.0,0.181,5,1,1,3,10,32,0
2,7,7,2.53,0.461,0,0,2,6,17,27,0
57,1,0,2.41,0.519,1,0,6,6,1,52,0
25,0,0,2.74,0.36,4,0,2,2,0,50,0
33,0,1,2.31,0.087,1,0,1,1,1,53,0
58,1,2,1.69,0.174,0,0,0,0,3,56,0
18,1,4,2.55,0.366,2,0,1,2,8,50,0
67,3,0,2.75,0.492,3,0,4,4,3,47,0
30,0,0,2.04,0.004,0,0,1,3,3,55,0
34,1,0,2.99,0.185,1,1,2,3,5,58,0
3,1,1,3.28,0.029,0,0,7,7,4,35,0
17,2,1,1.57,0.782,6,0,5,8,9,35,0
27,0,1,2.42,0.227,1,0,1,6,5,47,0
22,0,0,3.51,0.286,3,0,1,3,1,55,0
29,0,0,2.58,0.001,3,0,0,2,1,61,0
24,1,3,2.09,0.48,6,0,1,1,10,49,0
7,0,1,3.52,0.132,2,0,0,0,5,51,0
77,0,1,2.24,0.006,1,0,0,1,4,61,0
19,1,0,3.03,0.006,5,1,0,0,4,48,0
12,3,1,1.98,0.396,2,0,2,5,8,41,0
24,0,0,1.55,0.705,2,0,0,1,7,47,0
12,5,7,1.0,0.541,0,0,4,5,17,29,0
5,2,2,1.81,0.012,0,0,1,1,9,37,0
6,3,0,1.04,0.349,3,0,10,12,7,20,1
14,0,0,3.93,0.01,0,0,1,2,4,50,0
50,1,0,3.49,0.252,1,1,0,5,4,51,0
35,0,0,3.7,0.814,2,0,3,3,3,48,0
27,3,0,1.75,0.022,1,1,0,2,3,44,0
17,0,3,1.86,0.09,0,0,0,3,9,52,0
5,4,2,3.72,0.632,4,1,1,1,6,31,0
18,1,0,3.01,0.254,6,1,1,1,10,44,0
17,0,0,1.06,0.025,2,0,3,6,5,43,0
24,0,0,2.93,0.032,1,0,1,2,2,53,0
1,0,1,1.13,0.819,0,0,4,4,4,36,0
19,5,1,1.0,0.39,1,1,3,5,7,33,0
85,0,0,1.66,0.01,1,0,0,0,1,60,0
79,0,2,1.43,0.592,2,0,0,7,2,58,0
28,1,0,1.48,0.667,5,1,2,2,1,39,0
41,0,0,3.77,0.11,1,0,0,12,1,63,0
4,2,3,1.0,0.54,6,0,1,1,10,30,0
3,0,0,3.53,0.029,1,0,0,2,1,47,0
90,0,0,1.78,0.511,4,0,1,1,5,54,0
7,0,0,3.07,0.006,1,0,0,1,2,40,0
26,3,0,1.0,0.863,0,0,2,3,9,44,0
24,2,1,1.93,0.315,2,1,3,8,8,34,0
2,0,0,2.34,0.129,0,0,1,1,0,45,0
7,2,2,1.8,0.6,4,0,2,2,9,30,0
26,0,1,2.28,0.686,0,0,0,8,1,47,0
21,1,0,2.14,0.001,0,1,1,20,1,43,0
90,0,0,3.03,0.436,1,0,0,0,2,64,0
10,1,0,2.84,0.825,0,0,2,2,3,41,0
50,0,0,2.98,0.004,0,0,0,3,1,60,0
41,2,5,1.82,0.463,0,0,0,2,7,59,0
50,0,1,2.47,0.436,0,0,0,1,1,61,0
34,2,0,2.77,0.036,1,1,0,0,10,59,0
2,0,0,3.09,0.704,6,0,1,2,8,40,0
10,1,1,1.23,0.272,0,0,0,7,7,48,0
2,1,1,2.51,0.843,0,0,8,13,10,26,0
17,0,0,2.79,0.441,0,0,0,0,2,43,0
38,0,0,3.14,0.313,2,0,0,0,0,50,0
7,4,0,2.4,0.148,2,1,0,1,7,37,0
19,0,0,2.09,0.709,0,0,0,2,0,45,0
8,3,0,2.31,0.978,4,1,1,1,7,27,0
52,5,1,1.62,0.02,6,0,0,1,16,42,0
30,1,0,2.15,0.954,0,1,1,1,8,44,0
22,1,0,3.31,0.23,0,1,0,1,6,49,0
24,2,1,1.45,0.294,0,0,4,10,6,45,0
5,3,0,2.02,0.263,0,0,2,7,11,38,0
13,4,1,2.62,0.174,1,1,0,0,9,43,0
20,1,2,3.93,0.931,0,0,0,2,4,49,0
4,0,3,3.03,0.122,4,0,19,19,12,41,0
21,0,0,3.5,0.315,1,0,0,0,0,56,0
90,1,1,3.43,0.002,6,0,5,5,6,54,0
77,0,0,2.91,0.001,1,0,0,1,0,62,0
18,0,0,2.08,0.977,4,0,5,8,6,38,0
8,2,4,3.04,0.041,0,0,0,1,6,44,0
19,0,0,2.17,0.002,6,0,4,5,0,41,0
20,0,0,3.02,0.878,6,0,0,1,4,40,0
90,0,0,4.34,0.248,0,0,0,1,0,57,0
53,0,1,1.68,0.012,1,0,0,4,1,58,0
6,4,1,1.15,0.649,2,1,0,0,17,31,0
11,1,1,2.18,0.302,1,0,2,2,5,41,0
28,1,0,2.48,0.45,4,1,5,5,1,34,0
2,1,2,1.7,0.859,0,0,0,4,11,36,0
49,0,0,3.2,0.903,2,0,0,1,0,57,0
35,0,2,3.48,0.004,1,0,1,3,7,58,0
57,0,0,2.02,0.093,0,0,0,0,1,68,0
3,4,7,3.29,0.013,1,0,0,0,11,40,0
63,0,0,2.29,0.156,6,0,3,3,1,56,0
6,7,7,1.72,0.446,3,0,7,8,19,21,1
44,0,0,3.33,0.127,0,0,0,0,0,70,0
0,2,7,1.8,0.323,5,0,11,14,9,33,0
39,0,1,2.46,0.005,3,0,3,10,2,54,0
21,0,2,3.2,0.361,3,0,2,2,6,42,0
44,2,0,3.83,0.75,1,0,7,11,5,45,0
18,0,0,4.42,0.022,0,0,1,2,0,50,0
1,0,1,2.98,0.436,1,0,1,2,3,39,0
18,3,2,2.0,0.422,6,1,4,4,7,25,0
20,0,1,2.07,0.035,1,0,1,2,4,53,0
1,0,0,1.92,0.577,1,0,0,0,2,35,0
32,0,0,3.22,0.219,2,0,5,5,5,45,0
22,0,0,1.79,0.059,1,0,7,10,14,39,0
0,1,0,2.06,0.484,0,0,0,1,4,39,0
17,0,0,2.64,0.413,0,0,0,0,4,48,0
60,3,1,3.2,0.149,0,1,0,2,4,54,0
15,1,6,2.16,0.257,0,0,1,7,15,43,0
5,1,0,1.23,0.299,0,0,0,3,4,39,0
1,0,1,2.1,0.839,0,0,0,1,5,40,0
29,1,3,2.4,0.114,1,0,2,3,10,49,0
10,0,0,2.03,0.204,0,0,1,1,2,49,0
4,4,7,1.84,0.733,5,0,2,2,20,34,0
83,0,0,1.78,0.024,1,0,0,1,1,57,0
27,0,0,3.22,0.944,0,0,7,9,2,48,0
5,5,3,2.26,0.104,6,1,3,3,10,33,0
10,1,7,1.53,0.272,3,0,2,3,12,38,0
64,1,1,2.75,0.638,2,0,2,5,4,51,0
2,0,3,2.92,0.18,1,0,0,0,3,37,0
9,0,2,2.2,0.536,6,0,1,3,7,41,0
90,0,0,3.37,0.725,0,0,0,1,0,65,0
90,2,0,2.81,0.186,2,1,4,5,9,52,0
14,0,0,3.01,0.146,0,0,0,3,7,54,0
11,0,0,2.49,0.088,2,0,8,9,5,41,0
13,0,0,1.34,0.31,0,0,1,3,0,43,0
18,1,1,1.0,0.191,0,0,0,0,5,43,0
7,5,5,2.6,0.82,0,0,17,17,17,29,0
41,0,5,2.12,0.645,0,0,3,4,6,58,0
70,0,0,2.32,0.652,1,0,3,4,2,58,0
58,0,0,2.69,0.007,0,0,0,0,0,65,0
47,2,0,1.45,0.001,0,1,2,6,8,47,0
19,0,0,1.74,0.348,0,0,0,0,0,47,0
5,0,1,2.92,0.002,4,0,1,1,1,46,0
90,2,3,2.48,0.645,0,0,0,3,7,57,0
36,0,2,2.39,0.093,0,0,0,1,9,56,0
15,0,1,1.33,0.455,0,0,1,1,5,40,0
48,3,4,2.87,0.43,1,0,6,6,9,53,0
5,0,0,1.16,0.293,0,0,1,1,0,39,0
30,1,0,1.88,0.453,0,1,0,1,5,46,0
8,1,0,2.58,0.47,4,1,0,0,7,40,0
90,0,0,3.04,0.022,0,0,0,0,0,55,0
1,1,0,1.97,0.896,6,0,4,4,6,29,0
90,1,0,2.06,0.104,1,0,1,1,4,52,0
13,0,0,3.23,0.157,0,0,1,4,4,56,0
2,0,0,1.23,0.121,5,0,0,1,2,35,0
2,0,7,1.0,0.399,3,0,6,6,8,31,0
74,0,3,2.47,0.265,0,0,1,1,8,58,0
1,1,1,2.59,0.17,3,0,8,12,9,28,0
26,1,0,2.22,0.303,6,0,0,0,1,47,0
6,0,2,3.39,0.406,3,0,2,5,11,42,0
8,4,1,3.38,0.537,0,0,1,1,9,37,0
90,5,0,3.27,0.809,3,1,5,8,5,41,0
1,2,0,2.57,0.138,1,1,1,2,4,34,0
3,0,0,1.94,0.769,1,0,2,4,5,41,0
22,0,0,2.27,0.308,1,0,0,0,2,53,0
40,1,1,3.33,0.7,0,0,2,2,2,59,0
54,0,1,2.82,0.348,2,0,9,11,7,54,0
2,4,1,2.61,0.63,0,1,1,3,8,28,0
10,0,0,2.58,0.227,2,0,1,1,0,45,0
5,5,0,1.02,0.653,1,0,2,2,18,21,1
24,3,0,2.84,0.195,0,0,2,2,9,48,0
5,2,0,2.74,0.186,1,0,0,0,6,39,0
33,3,0,1.3,0.782,0,0,11,13,10,40,0
13,6,5,1.09,0.593,5,0,9,9,18,24,0
15,1,2,2.01,0.69,0,0,0,0,3,42,0
15,0,0,3.32,0.023,0,0,1,5,3,51,0
7,1,2,1.61,0.087,4,0,2,3,3,45,0
0,0,4,1.52,0.013,0,0,9,9,6,39,0
31,0,0,1.46,0.077,0,0,0,2,0,47,0
3,0,0,1.38,0.494,0,0,3,5,9,34,0
32,1,0,2.38,0.048,6,1,2,2,6,44,0
33,0,0,2.86,0.39,4,0,0,4,0,51,0
17,2,0,1.02,0.225,0,0,2,5,8,42,0
25,1,1,1.41,0.323,4,0,0,1,10,47,0
27,7,1,2.18,0.945,0,1,0,0,11,33,0
5,0,3,1.0,0.215,3,0,2,2,13,35,0
24,2,0,1.89,0.073,0,0,1,1,2,47,0
3,0,6,1.97,0.171,1,0,5,7,14,43,0
14,0,0,2.99,0.0,0,0,2,4,0,49,0
9,5,0,2.25,0.968,3,1,0,0,9,28,0
51,1,0,1.95,0.431,6,1,0,2,8,53,0
71,0,0,3.87,0.034,0,0,1,6,1,60,0
22,0,1,1.4,0.003,0,0,0,0,1,52,0
1,0,2,1.53,0.847,3,0,1,3,3,29,0
50,0,0,2.3,0.677,0,0,1,2,5,54,0
59,1,0,2.63,0.175,1,0,0,3,2,59,0
10,0,0,3.04,0.941,2,0,0,5,1,41,0
43,1,2,2.38,0.951,3,0,0,1,6,50,0
